RP_ID,RODEO,FECHA,ORD1_LITROS,ORD2_LITROS,ORD3_LITROS
716,3,15/07/2025,13.5,11.7,6.2
716,3,15/08/2025,17.1,12.8,0.0
716,3,20/09/2025,15.2,9.7,6.4
716,3,22/10/2025,12.2,9.9,0.0
716,3,15/11/2025,13.4,7.4,6.8
716,3,10/12/2025,10.9,8.4,0.0
1305,3,15/07/2025,10.1,9.8,5.4
1305,3,15/08/2025,15.3,8.7,0.0
1305,3,20/09/2025,16.2,10.2,5.8
1305,3,22/10/2025,10.0,7.0,0.0
1305,3,15/11/2025,10.4,9.1,4.5
1305,3,10/12/2025,12.1,8.1,0.0
1420,3,15/07/2025,16.5,13.9,4.5
1420,3,15/08/2025,14.5,12.1,0.0
1420,3,20/09/2025,16.4,12.1,5.4
1420,3,22/10/2025,11.7,9.6,0.0
1420,3,15/11/2025,13.2,9.2,5.3
1420,3,10/12/2025,13.3,8.1,0.0
1447,3,15/07/2025,13.6,12.2,6.5
1447,3,15/08/2025,17.0,10.0,0.0
1447,3,20/09/2025,14.6,15.2,4.4
1447,3,22/10/2025,14.2,12.4,0.0
1447,3,15/11/2025,11.1,10.2,4.8
1447,3,10/12/2025,11.8,9.1,0.0
1592,3,15/07/2025,13.9,10.3,4.7
1592,3,15/08/2025,14.2,7.0,0.0
1592,3,20/09/2025,18.2,10.5,5.2
1592,3,22/10/2025,11.7,9.4,0.0
1592,3,15/11/2025,16.7,10.8,4.4
1592,3,10/12/2025,10.2,10.2,0.0
1668,3,15/07/2025,14.2,11.1,5.5
1668,3,15/08/2025,10.6,11.6,0.0
1668,3,20/09/2025,14.0,15.8,5.7
1668,3,22/10/2025,14.2,12.5,0.0
1668,3,15/11/2025,14.2,11.0,4.8
1668,3,10/12/2025,11.4,8.6,0.0
1719,3,15/07/2025,14.7,12.2,5.2
1719,3,15/08/2025,10.4,12.9,0.0
1719,3,20/09/2025,10.6,12.6,4.7
1719,3,22/10/2025,12.7,13.4,0.0
1719,3,15/11/2025,8.6,8.7,4.9
1719,3,10/12/2025,15.7,10.4,0.0
1901,2,15/07/2025,16.8,10.6,5.6
1901,2,15/08/2025,14.7,10.7,0.0
1901,2,20/09/2025,16.8,12.4,6.9
1901,2,22/10/2025,15.7,13.4,0.0
1901,2,15/11/2025,13.8,7.5,4.6
1901,2,10/12/2025,12.2,8.6,0.0
1988,2,15/07/2025,14.3,10.0,6.2
1988,2,15/08/2025,13.0,11.1,0.0
1988,2,20/09/2025,15.2,9.2,6.2
1988,2,22/10/2025,15.2,12.1,0.0
1988,2,15/11/2025,12.5,12.2,3.6
1988,2,10/12/2025,13.9,8.3,0.0
2061,2,15/07/2025,13.7,10.4,5.1
2061,2,15/08/2025,15.8,9.6,0.0
2061,2,20/09/2025,10.8,14.3,7.0
2061,2,22/10/2025,14.2,8.4,0.0
2061,2,15/11/2025,13.3,11.0,1.9
2061,2,10/12/2025,13.2,7.0,0.0
2108,1,15/07/2025,16.4,14.5,6.9
2108,1,15/08/2025,19.7,12.7,0.0
2108,1,20/09/2025,20.3,17.5,8.0
2108,1,22/10/2025,19.2,14.9,0.0
2108,1,15/11/2025,15.4,16.3,6.3
2108,1,10/12/2025,13.5,12.1,0.0
2255,3,15/07/2025,12.8,15.1,5.0
2255,3,15/08/2025,12.2,10.1,0.0
2255,3,20/09/2025,12.3,12.5,6.1
2255,3,22/10/2025,12.9,9.6,0.0
2255,3,15/11/2025,12.7,7.0,6.2
2255,3,10/12/2025,11.8,7.4,0.0
12762,1,15/07/2025,17.9,15.2,7.8
12762,1,15/08/2025,16.5,14.7,0.0
12762,1,20/09/2025,18.7,14.5,8.3
12762,1,22/10/2025,14.7,15.1,0.0
12762,1,15/11/2025,16.6,13.8,6.1
12762,1,10/12/2025,14.7,12.1,0.0
12872,3,15/07/2025,18.7,12.4,6.7
12872,3,15/08/2025,13.1,11.6,0.0
12872,3,20/09/2025,12.6,9.3,6.0
12872,3,22/10/2025,9.8,7.0,0.0
12872,3,15/11/2025,12.3,9.5,4.4
12872,3,10/12/2025,9.6,7.5,0.0
13111,2,15/07/2025,16.6,10.1,5.6
13111,2,15/08/2025,14.6,9.8,0.0
13111,2,20/09/2025,12.3,13.3,6.4
13111,2,22/10/2025,14.7,9.8,0.0
13111,2,15/11/2025,14.1,7.0,6.4
13111,2,10/12/2025,10.8,7.2,0.0
13118,2,15/07/2025,14.3,12.1,5.7
13118,2,15/08/2025,13.0,11.4,0.0
13118,2,20/09/2025,15.4,10.8,5.7
13118,2,22/10/2025,12.5,11.2,0.0
13118,2,15/11/2025,12.2,8.7,3.6
13118,2,10/12/2025,8.9,9.1,0.0
13128,2,15/07/2025,15.3,12.5,5.3
13128,2,15/08/2025,20.2,12.5,0.0
13128,2,20/09/2025,14.5,14.0,5.4
13128,2,22/10/2025,12.4,7.8,0.0
13128,2,15/11/2025,14.1,11.7,2.7
13128,2,10/12/2025,7.5,9.1,0.0
13133,2,15/07/2025,9.7,10.8,5.2
13133,2,15/08/2025,17.9,14.7,0.0
13133,2,20/09/2025,17.3,10.7,5.1
13133,2,22/10/2025,13.3,9.1,0.0
13133,2,15/11/2025,14.5,11.8,4.4
13133,2,10/12/2025,9.1,10.8,0.0
13138,3,15/07/2025,11.9,7.2,6.5
13138,3,15/08/2025,11.8,9.4,0.0
13138,3,20/09/2025,16.2,13.3,5.0
13138,3,22/10/2025,13.6,9.5,0.0
13138,3,15/11/2025,10.2,11.7,4.1
13138,3,10/12/2025,7.6,8.2,0.0
13156,1,15/07/2025,17.0,16.7,7.7
13156,1,15/08/2025,18.6,15.8,0.0
13156,1,20/09/2025,18.0,18.3,5.6
13156,1,22/10/2025,17.9,9.2,0.0
13156,1,15/11/2025,16.3,13.1,5.2
13156,1,10/12/2025,12.5,9.1,0.0
13159,2,15/07/2025,16.5,12.6,7.6
13159,2,15/08/2025,18.2,11.8,0.0
13159,2,20/09/2025,13.9,12.0,5.4
13159,2,22/10/2025,12.3,14.3,0.0
13159,2,15/11/2025,10.5,9.3,5.1
13159,2,10/12/2025,9.8,10.7,0.0
13165,4,15/07/2025,14.7,8.3,5.3
13165,4,15/08/2025,15.3,10.9,0.0
13165,4,20/09/2025,15.6,12.1,5.8
13165,4,22/10/2025,15.2,11.7,0.0
13165,4,15/11/2025,14.9,7.7,4.9
13165,4,10/12/2025,7.5,7.0,0.0
13166,1,15/07/2025,15.1,16.6,7.4
13166,1,15/08/2025,18.3,17.0,0.0
13166,1,20/09/2025,15.7,15.6,9.8
13166,1,22/10/2025,19.8,14.4,0.0
13166,1,15/11/2025,15.4,12.3,5.8
13166,1,10/12/2025,14.7,9.4,0.0
13174,2,15/07/2025,15.7,12.4,7.5
13174,2,15/08/2025,17.5,9.8,0.0
13174,2,20/09/2025,16.3,12.7,4.5
13174,2,22/10/2025,11.7,9.3,0.0
13174,2,15/11/2025,12.5,8.0,5.4
13174,2,10/12/2025,11.9,7.0,0.0
13182,2,15/07/2025,16.0,10.4,5.5
13182,2,15/08/2025,16.1,11.3,0.0
13182,2,20/09/2025,14.5,11.6,5.4
13182,2,22/10/2025,14.9,7.4,0.0
13182,2,15/11/2025,13.7,8.8,4.4
13182,2,10/12/2025,7.4,10.0,0.0
13186,2,15/07/2025,12.5,10.8,5.4
13186,2,15/08/2025,13.5,11.0,0.0
13186,2,20/09/2025,12.8,9.0,4.4
13186,2,22/10/2025,13.5,10.6,0.0
13186,2,15/11/2025,12.9,8.8,6.2
13186,2,10/12/2025,12.8,10.2,0.0
13193,2,15/07/2025,12.7,10.8,3.2
13193,2,15/08/2025,14.5,8.9,0.0
13193,2,20/09/2025,15.9,11.6,5.0
13193,2,22/10/2025,15.4,10.2,0.0
13193,2,15/11/2025,12.1,8.7,4.1
13193,2,10/12/2025,11.5,9.7,0.0
13197,3,15/07/2025,12.4,13.0,5.0
13197,3,15/08/2025,15.5,11.6,0.0
13197,3,20/09/2025,14.6,11.5,6.6
13197,3,22/10/2025,11.7,8.2,0.0
13197,3,15/11/2025,7.7,10.4,5.7
13197,3,10/12/2025,9.2,7.0,0.0
13200,1,15/07/2025,17.8,14.0,6.4
13200,1,15/08/2025,17.8,15.3,0.0
13200,1,20/09/2025,15.0,9.9,4.7
13200,1,22/10/2025,16.0,13.1,0.0
13200,1,15/11/2025,17.4,13.7,5.1
13200,1,10/12/2025,13.7,8.3,0.0
13310,3,15/07/2025,15.2,8.5,4.1
13310,3,15/08/2025,15.1,13.4,0.0
13310,3,20/09/2025,16.1,10.2,5.6
13310,3,22/10/2025,13.8,9.8,0.0
13310,3,15/11/2025,8.3,10.2,5.2
13310,3,10/12/2025,13.2,7.2,0.0
13569,2,15/07/2025,13.7,13.9,7.3
13569,2,15/08/2025,15.5,14.0,0.0
13569,2,20/09/2025,15.4,13.0,6.8
13569,2,22/10/2025,11.4,14.5,0.0
13569,2,15/11/2025,9.5,12.1,5.9
13569,2,10/12/2025,9.3,7.8,0.0
13603,3,15/07/2025,13.9,13.1,4.8
13603,3,15/08/2025,12.4,9.7,0.0
13603,3,20/09/2025,12.8,11.9,6.0
13603,3,22/10/2025,13.9,8.7,0.0
13603,3,15/11/2025,11.1,11.4,5.6
13603,3,10/12/2025,11.6,9.9,0.0
13606,3,15/07/2025,13.9,11.3,7.2
13606,3,15/08/2025,17.5,15.6,0.0
13606,3,20/09/2025,11.9,10.5,3.7
13606,3,22/10/2025,12.9,9.1,0.0
13606,3,15/11/2025,14.5,7.0,5.2
13606,3,10/12/2025,11.7,7.7,0.0
13620,3,15/07/2025,11.0,9.6,4.6
13620,3,15/08/2025,17.9,12.5,0.0
13620,3,20/09/2025,12.6,7.0,4.1
13620,3,22/10/2025,12.4,9.2,0.0
13620,3,15/11/2025,13.1,9.2,5.4
13620,3,10/12/2025,14.7,12.3,0.0
13623,2,15/07/2025,14.1,7.5,5.7
13623,2,15/08/2025,16.6,9.7,0.0
13623,2,20/09/2025,13.7,16.0,5.2
13623,2,22/10/2025,11.0,10.2,0.0
13623,2,15/11/2025,9.2,9.9,5.4
13623,2,10/12/2025,11.8,9.5,0.0
13649,2,15/07/2025,17.8,12.4,6.2
13649,2,15/08/2025,14.4,12.0,0.0
13649,2,20/09/2025,13.4,8.6,6.2
13649,2,22/10/2025,11.2,10.5,0.0
13649,2,15/11/2025,11.4,7.4,4.2
13649,2,10/12/2025,9.8,9.1,0.0
13650,2,15/07/2025,13.7,7.0,5.0
13650,2,15/08/2025,14.6,7.0,0.0
13650,2,20/09/2025,15.2,10.5,5.1
13650,2,22/10/2025,11.5,9.8,0.0
13650,2,15/11/2025,11.7,8.1,4.8
13650,2,10/12/2025,10.5,11.8,0.0
13653,3,15/07/2025,12.8,10.9,6.5
13653,3,15/08/2025,13.5,12.7,0.0
13653,3,20/09/2025,10.2,12.2,5.9
13653,3,22/10/2025,12.6,14.0,0.0
13653,3,15/11/2025,9.6,8.3,4.5
13653,3,10/12/2025,11.6,9.7,0.0
13668,3,15/07/2025,13.3,11.5,5.0
13668,3,15/08/2025,11.5,11.2,0.0
13668,3,20/09/2025,13.5,10.2,6.3
13668,3,22/10/2025,14.1,10.5,0.0
13668,3,15/11/2025,13.4,11.4,4.5
13668,3,10/12/2025,11.3,7.0,0.0
13697,2,15/07/2025,15.1,12.6,5.5
13697,2,15/08/2025,13.8,10.6,0.0
13697,2,20/09/2025,10.8,11.4,5.0
13697,2,22/10/2025,14.8,7.8,0.0
13697,2,15/11/2025,14.0,7.4,4.0
13697,2,10/12/2025,12.7,13.3,0.0
13731,2,15/07/2025,15.6,11.2,5.9
13731,2,15/08/2025,10.3,12.2,0.0
13731,2,20/09/2025,11.2,8.8,5.9
13731,2,22/10/2025,13.9,12.2,0.0
13731,2,15/11/2025,10.6,13.0,3.9
13731,2,10/12/2025,8.5,11.2,0.0
13771,2,15/07/2025,11.8,10.3,7.1
13771,2,15/08/2025,14.2,11.8,0.0
13771,2,20/09/2025,14.4,19.7,5.7
13771,2,22/10/2025,12.4,8.0,0.0
13771,2,15/11/2025,12.6,8.3,5.7
13771,2,10/12/2025,8.8,7.5,0.0
13799,2,15/07/2025,17.2,10.5,5.5
13799,2,15/08/2025,13.4,12.1,0.0
13799,2,20/09/2025,10.5,13.5,5.1
13799,2,22/10/2025,10.8,10.9,0.0
13799,2,15/11/2025,14.3,8.7,4.7
13799,2,10/12/2025,14.4,8.2,0.0
13816,3,15/07/2025,12.2,11.6,6.0
13816,3,15/08/2025,16.7,13.2,0.0
13816,3,20/09/2025,10.7,10.0,4.3
13816,3,22/10/2025,12.5,13.0,0.0
13816,3,15/11/2025,12.3,7.0,4.5
13816,3,10/12/2025,11.3,9.1,0.0
42014,2,15/07/2025,12.9,10.4,5.8
42014,2,15/08/2025,14.6,13.0,0.0
42014,2,20/09/2025,14.8,12.8,5.3
42014,2,22/10/2025,12.9,11.4,0.0
42014,2,15/11/2025,14.1,8.0,4.1
42014,2,10/12/2025,9.5,8.1,0.0
52132,2,15/07/2025,10.4,14.1,4.3
52132,2,15/08/2025,14.6,11.5,0.0
52132,2,20/09/2025,12.3,10.0,7.7
52132,2,22/10/2025,12.6,8.4,0.0
52132,2,15/11/2025,10.5,8.6,5.5
52132,2,10/12/2025,10.9,8.1,0.0
52334,1,15/07/2025,19.1,15.5,7.0
52334,1,15/08/2025,14.7,12.9,0.0
52334,1,20/09/2025,16.5,11.8,8.8
52334,1,22/10/2025,20.1,12.1,0.0
52334,1,15/11/2025,18.1,16.0,5.4
52334,1,10/12/2025,14.7,12.7,0.0
52347,4,15/07/2025,14.3,11.3,5.1
52347,4,15/08/2025,14.5,12.8,0.0
52347,4,20/09/2025,13.8,10.3,5.1
52347,4,22/10/2025,12.2,12.7,0.0
52347,4,15/11/2025,12.3,11.5,3.9
52347,4,10/12/2025,13.5,7.0,0.0
52360,3,15/07/2025,11.8,12.3,4.4
52360,3,15/08/2025,12.0,13.7,0.0
52360,3,20/09/2025,18.6,13.4,5.8
52360,3,22/10/2025,12.2,10.0,0.0
52360,3,15/11/2025,14.1,10.5,4.8
52360,3,10/12/2025,11.3,7.1,0.0
52367,3,15/07/2025,13.2,14.6,5.6
52367,3,15/08/2025,16.5,11.3,0.0
52367,3,20/09/2025,15.4,11.7,5.2
52367,3,22/10/2025,11.9,9.5,0.0
52367,3,15/11/2025,14.1,9.6,4.0
52367,3,10/12/2025,10.1,8.5,0.0
52380,3,15/07/2025,20.1,12.0,7.9
52380,3,15/08/2025,15.4,8.3,0.0
52380,3,20/09/2025,12.1,12.6,6.1
52380,3,22/10/2025,14.2,9.5,0.0
52380,3,15/11/2025,15.9,14.5,5.3
52380,3,10/12/2025,11.4,8.3,0.0
52382,3,15/07/2025,15.9,16.1,5.2
52382,3,15/08/2025,18.2,14.8,0.0
52382,3,20/09/2025,16.2,9.9,4.1
52382,3,22/10/2025,14.2,11.0,0.0
52382,3,15/11/2025,10.9,7.0,5.2
52382,3,10/12/2025,10.2,7.2,0.0
52394,3,15/07/2025,14.3,10.4,5.3
52394,3,15/08/2025,14.2,11.0,0.0
52394,3,20/09/2025,10.6,12.4,6.9
52394,3,22/10/2025,13.3,14.3,0.0
52394,3,15/11/2025,12.6,13.7,5.8
52394,3,10/12/2025,11.0,7.0,0.0
52398,4,15/07/2025,10.0,15.0,4.1
52398,4,15/08/2025,16.4,12.0,0.0
52398,4,20/09/2025,18.6,13.3,6.2
52398,4,22/10/2025,15.2,10.4,0.0
52398,4,15/11/2025,12.3,11.2,4.2
52398,4,10/12/2025,11.8,10.0,0.0
52409,2,15/07/2025,16.0,10.2,4.8
52409,2,15/08/2025,16.8,9.4,0.0
52409,2,20/09/2025,15.0,8.9,6.6
52409,2,22/10/2025,10.8,12.0,0.0
52409,2,15/11/2025,14.1,10.5,3.5
52409,2,10/12/2025,10.9,10.0,0.0
52411,3,15/07/2025,13.5,14.8,5.2
52411,3,15/08/2025,13.9,12.7,0.0
52411,3,20/09/2025,11.7,12.0,4.7
52411,3,22/10/2025,12.0,12.3,0.0
52411,3,15/11/2025,15.8,11.3,3.5
52411,3,10/12/2025,13.2,7.0,0.0
52418,2,15/07/2025,15.8,11.7,5.2
52418,2,15/08/2025,13.2,12.2,0.0
52418,2,20/09/2025,11.3,12.6,6.8
52418,2,22/10/2025,13.1,7.0,0.0
52418,2,15/11/2025,14.2,9.8,4.6
52418,2,10/12/2025,9.5,7.5,0.0
52442,2,15/07/2025,12.4,12.4,7.0
52442,2,15/08/2025,12.4,8.7,0.0
52442,2,20/09/2025,9.4,10.0,5.8
52442,2,22/10/2025,13.3,12.4,0.0
52442,2,15/11/2025,13.2,11.5,5.8
52442,2,10/12/2025,7.8,7.0,0.0
52487,2,15/07/2025,13.9,12.4,5.2
52487,2,15/08/2025,15.9,13.1,0.0
52487,2,20/09/2025,12.8,11.0,7.7
52487,2,22/10/2025,11.5,13.1,0.0
52487,2,15/11/2025,14.3,8.6,5.6
52487,2,10/12/2025,13.9,7.3,0.0
52495,3,15/07/2025,13.8,11.2,6.6
52495,3,15/08/2025,15.4,11.7,0.0
52495,3,20/09/2025,15.9,10.2,5.5
52495,3,22/10/2025,13.7,7.0,0.0
52495,3,15/11/2025,11.9,7.0,4.6
52495,3,10/12/2025,10.7,7.0,0.0
52496,2,15/07/2025,14.8,12.8,7.5
52496,2,15/08/2025,12.7,10.7,0.0
52496,2,20/09/2025,14.2,13.5,5.7
52496,2,22/10/2025,9.1,9.3,0.0
52496,2,15/11/2025,13.4,14.6,3.8
52496,2,10/12/2025,9.8,7.0,0.0
52510,1,15/07/2025,20.3,15.7,6.5
52510,1,15/08/2025,20.4,14.7,0.0
52510,1,20/09/2025,20.1,15.5,7.5
52510,1,22/10/2025,16.7,11.0,0.0
52510,1,15/11/2025,18.9,13.2,6.8
52510,1,10/12/2025,16.1,13.4,0.0
52531,3,15/07/2025,14.7,11.2,5.8
52531,3,15/08/2025,14.5,14.8,0.0
52531,3,20/09/2025,14.3,10.5,5.1
52531,3,22/10/2025,12.8,11.8,0.0
52531,3,15/11/2025,13.7,9.1,4.7
52531,3,10/12/2025,13.3,7.5,0.0
52546,2,15/07/2025,11.5,7.7,6.5
52546,2,15/08/2025,10.1,9.5,0.0
52546,2,20/09/2025,13.8,11.6,6.2
52546,2,22/10/2025,10.4,8.2,0.0
52546,2,15/11/2025,10.0,8.4,2.5
52546,2,10/12/2025,10.1,8.1,0.0
52547,3,15/07/2025,13.8,11.7,5.3
52547,3,15/08/2025,15.5,10.9,0.0
52547,3,20/09/2025,15.1,17.2,7.7
52547,3,22/10/2025,11.3,8.6,0.0
52547,3,15/11/2025,11.9,7.0,3.7
52547,3,10/12/2025,9.3,10.3,0.0
52549,4,15/07/2025,13.2,11.8,6.1
52549,4,15/08/2025,14.8,9.8,0.0
52549,4,20/09/2025,16.4,9.4,4.4
52549,4,22/10/2025,11.5,10.7,0.0
52549,4,15/11/2025,9.7,9.5,3.9
52549,4,10/12/2025,7.8,8.9,0.0
52551,1,15/07/2025,17.4,15.5,8.8
52551,1,15/08/2025,16.1,15.4,0.0
52551,1,20/09/2025,17.7,17.5,7.3
52551,1,22/10/2025,19.7,12.8,0.0
52551,1,15/11/2025,17.9,11.2,5.6
52551,1,10/12/2025,12.0,13.3,0.0
52558,1,15/07/2025,21.3,12.0,6.4
52558,1,15/08/2025,17.8,13.0,0.0
52558,1,20/09/2025,19.8,12.3,7.2
52558,1,22/10/2025,13.4,15.6,0.0
52558,1,15/11/2025,13.9,9.4,7.6
52558,1,10/12/2025,11.7,14.3,0.0
52567,3,15/07/2025,15.9,10.9,6.9
52567,3,15/08/2025,12.3,9.8,0.0
52567,3,20/09/2025,11.6,9.2,6.7
52567,3,22/10/2025,13.7,12.2,0.0
52567,3,15/11/2025,13.8,7.0,3.6
52567,3,10/12/2025,10.7,9.3,0.0
52570,2,15/07/2025,13.5,12.5,4.7
52570,2,15/08/2025,17.1,10.0,0.0
52570,2,20/09/2025,16.0,11.8,5.6
52570,2,22/10/2025,11.3,9.0,0.0
52570,2,15/11/2025,10.9,8.6,5.7
52570,2,10/12/2025,10.0,8.5,0.0
52572,2,15/07/2025,11.8,15.6,5.2
52572,2,15/08/2025,13.9,13.6,0.0
52572,2,20/09/2025,19.4,8.7,5.7
52572,2,22/10/2025,8.1,11.3,0.0
52572,2,15/11/2025,12.8,8.9,6.7
52572,2,10/12/2025,8.5,7.0,0.0
52575,2,15/07/2025,16.2,12.0,6.3
52575,2,15/08/2025,11.7,13.9,0.0
52575,2,20/09/2025,13.2,12.3,5.3
52575,2,22/10/2025,10.5,11.0,0.0
52575,2,15/11/2025,11.3,7.0,4.1
52575,2,10/12/2025,12.9,9.8,0.0
52577,3,15/07/2025,12.1,13.0,5.5
52577,3,15/08/2025,13.3,11.5,0.0
52577,3,20/09/2025,15.9,12.2,6.2
52577,3,22/10/2025,14.4,7.8,0.0
52577,3,15/11/2025,11.2,11.2,4.6
52577,3,10/12/2025,12.9,7.6,0.0
52596,3,15/07/2025,14.3,11.0,3.7
52596,3,15/08/2025,13.7,13.0,0.0
52596,3,20/09/2025,12.6,7.2,5.1
52596,3,22/10/2025,13.2,11.1,0.0
52596,3,15/11/2025,13.6,10.0,5.3
52596,3,10/12/2025,14.7,8.5,0.0
52605,2,15/07/2025,14.7,7.0,5.0
52605,2,15/08/2025,11.3,10.7,0.0
52605,2,20/09/2025,11.7,9.4,6.3
52605,2,22/10/2025,11.2,9.5,0.0
52605,2,15/11/2025,12.3,7.8,4.4
52605,2,10/12/2025,10.7,7.4,0.0
52610,2,15/07/2025,13.7,9.4,4.4
52610,2,15/08/2025,13.9,10.3,0.0
52610,2,20/09/2025,11.5,12.8,6.4
52610,2,22/10/2025,11.2,10.4,0.0
52610,2,15/11/2025,15.9,10.7,4.8
52610,2,10/12/2025,11.5,7.7,0.0
52613,3,15/07/2025,13.2,10.7,5.9
52613,3,15/08/2025,16.1,10.4,0.0
52613,3,20/09/2025,13.9,9.1,5.8
52613,3,22/10/2025,10.2,8.3,0.0
52613,3,15/11/2025,11.3,7.6,4.7
52613,3,10/12/2025,15.0,8.2,0.0
52616,3,15/07/2025,12.3,11.9,5.4
52616,3,15/08/2025,13.5,11.1,0.0
52616,3,20/09/2025,12.5,9.2,4.2
52616,3,22/10/2025,12.9,9.6,0.0
52616,3,15/11/2025,11.3,11.4,3.8
52616,3,10/12/2025,10.5,7.7,0.0
52617,3,15/07/2025,16.1,8.1,6.6
52617,3,15/08/2025,16.8,7.8,0.0
52617,3,20/09/2025,11.2,10.9,4.7
52617,3,22/10/2025,12.8,12.6,0.0
52617,3,15/11/2025,11.3,12.4,4.0
52617,3,10/12/2025,11.8,8.4,0.0
52648,2,15/07/2025,14.5,12.1,3.4
52648,2,15/08/2025,11.5,12.0,0.0
52648,2,20/09/2025,17.9,11.9,4.7
52648,2,22/10/2025,10.1,9.5,0.0
52648,2,15/11/2025,13.0,10.6,4.9
52648,2,10/12/2025,9.8,7.7,0.0
52661,3,15/07/2025,13.8,7.5,5.6
52661,3,15/08/2025,10.5,10.8,0.0
52661,3,20/09/2025,14.3,7.3,4.8
52661,3,22/10/2025,12.6,9.7,0.0
52661,3,15/11/2025,13.3,11.7,6.3
52661,3,10/12/2025,12.7,10.6,0.0
52676,3,15/07/2025,14.3,9.5,7.0
52676,3,15/08/2025,15.6,15.3,0.0
52676,3,20/09/2025,15.5,13.1,6.8
52676,3,22/10/2025,11.7,8.4,0.0
52676,3,15/11/2025,12.7,10.7,2.5
52676,3,10/12/2025,11.8,7.0,0.0
52682,1,15/07/2025,17.8,13.7,7.3
52682,1,15/08/2025,20.6,13.7,0.0
52682,1,20/09/2025,14.9,15.0,7.8
52682,1,22/10/2025,19.4,10.9,0.0
52682,1,15/11/2025,13.5,13.6,6.5
52682,1,10/12/2025,14.8,11.6,0.0
52691,2,15/07/2025,18.6,11.9,4.3
52691,2,15/08/2025,16.1,7.4,0.0
52691,2,20/09/2025,13.1,10.2,5.1
52691,2,22/10/2025,14.4,10.1,0.0
52691,2,15/11/2025,11.8,11.0,4.7
52691,2,10/12/2025,14.0,9.8,0.0
52694,3,15/07/2025,13.4,14.2,5.4
52694,3,15/08/2025,14.5,13.9,0.0
52694,3,20/09/2025,12.4,8.9,5.0
52694,3,22/10/2025,11.5,11.2,0.0
52694,3,15/11/2025,10.2,12.3,5.1
52694,3,10/12/2025,7.0,7.2,0.0
52704,4,15/07/2025,16.3,10.8,5.3
52704,4,15/08/2025,16.7,7.4,0.0
52704,4,20/09/2025,12.0,12.2,5.7
52704,4,22/10/2025,12.2,11.4,0.0
52704,4,15/11/2025,14.3,9.6,3.0
52704,4,10/12/2025,10.1,7.0,0.0
52715,3,15/07/2025,14.8,14.0,4.3
52715,3,15/08/2025,12.8,12.2,0.0
52715,3,20/09/2025,15.5,14.7,4.8
52715,3,22/10/2025,12.6,7.6,0.0
52715,3,15/11/2025,15.1,9.1,4.8
52715,3,10/12/2025,9.3,10.3,0.0
52717,2,15/07/2025,11.5,10.6,6.1
52717,2,15/08/2025,12.1,9.6,0.0
52717,2,20/09/2025,14.3,9.9,5.2
52717,2,22/10/2025,10.3,7.7,0.0
52717,2,15/11/2025,11.1,7.9,4.1
52717,2,10/12/2025,10.6,10.4,0.0
52729,3,15/07/2025,12.3,12.1,6.7
52729,3,15/08/2025,15.8,10.6,0.0
52729,3,20/09/2025,13.8,12.3,5.9
52729,3,22/10/2025,12.3,13.3,0.0
52729,3,15/11/2025,11.0,11.6,5.4
52729,3,10/12/2025,10.1,9.5,0.0
52731,3,15/07/2025,15.9,10.5,6.6
52731,3,15/08/2025,14.3,9.3,0.0
52731,3,20/09/2025,12.0,12.0,5.8
52731,3,22/10/2025,14.7,7.0,0.0
52731,3,15/11/2025,12.8,11.5,4.2
52731,3,10/12/2025,14.5,7.3,0.0
52732,3,15/07/2025,11.4,12.0,5.4
52732,3,15/08/2025,12.6,12.6,0.0
52732,3,20/09/2025,13.0,10.3,6.5
52732,3,22/10/2025,12.5,9.1,0.0
52732,3,15/11/2025,8.5,7.0,4.8
52732,3,10/12/2025,9.4,8.4,0.0
52745,3,15/07/2025,13.6,14.5,4.4
52745,3,15/08/2025,13.3,12.8,0.0
52745,3,20/09/2025,15.3,9.8,4.5
52745,3,22/10/2025,11.7,11.9,0.0
52745,3,15/11/2025,14.5,10.6,5.4
52745,3,10/12/2025,9.5,11.3,0.0
52748,3,15/07/2025,12.8,11.7,7.4
52748,3,15/08/2025,14.2,12.2,0.0
52748,3,20/09/2025,9.8,9.9,4.7
52748,3,22/10/2025,13.8,11.7,0.0
52748,3,15/11/2025,13.8,7.8,4.7
52748,3,10/12/2025,11.0,10.2,0.0
52759,1,15/07/2025,19.4,13.9,8.6
52759,1,15/08/2025,21.1,16.2,0.0
52759,1,20/09/2025,18.4,16.0,6.4
52759,1,22/10/2025,16.5,15.0,0.0
52759,1,15/11/2025,17.7,8.5,5.4
52759,1,10/12/2025,17.8,11.1,0.0
52766,2,15/07/2025,11.8,8.1,5.6
52766,2,15/08/2025,14.9,11.4,0.0
52766,2,20/09/2025,16.5,11.1,4.6
52766,2,22/10/2025,8.8,11.0,0.0
52766,2,15/11/2025,9.2,10.2,3.9
52766,2,10/12/2025,10.6,10.7,0.0
52768,1,15/07/2025,19.2,10.3,7.1
52768,1,15/08/2025,18.9,13.1,0.0
52768,1,20/09/2025,16.2,16.0,9.0
52768,1,22/10/2025,16.5,13.6,0.0
52768,1,15/11/2025,18.7,11.7,6.4
52768,1,10/12/2025,12.2,11.7,0.0
52770,3,15/07/2025,16.5,15.3,6.3
52770,3,15/08/2025,11.9,9.7,0.0
52770,3,20/09/2025,14.2,12.3,6.3
52770,3,22/10/2025,15.6,8.4,0.0
52770,3,15/11/2025,12.9,11.7,6.1
52770,3,10/12/2025,11.8,8.4,0.0
52774,3,15/07/2025,16.9,15.1,4.6
52774,3,15/08/2025,13.5,13.2,0.0
52774,3,20/09/2025,12.7,11.7,6.4
52774,3,22/10/2025,13.0,12.3,0.0
52774,3,15/11/2025,11.0,10.2,5.8
52774,3,10/12/2025,8.9,7.0,0.0
52776,1,15/07/2025,16.9,10.3,6.9
52776,1,15/08/2025,19.3,16.3,0.0
52776,1,20/09/2025,21.0,12.5,8.1
52776,1,22/10/2025,18.3,11.9,0.0
52776,1,15/11/2025,14.3,12.1,5.8
52776,1,10/12/2025,15.9,7.1,0.0
52779,3,15/07/2025,10.2,12.0,6.4
52779,3,15/08/2025,12.0,14.0,0.0
52779,3,20/09/2025,16.3,14.1,4.7
52779,3,22/10/2025,15.4,7.0,0.0
52779,3,15/11/2025,9.8,12.8,4.0
52779,3,10/12/2025,12.0,9.1,0.0
52781,2,15/07/2025,14.6,11.2,6.1
52781,2,15/08/2025,15.4,12.0,0.0
52781,2,20/09/2025,17.1,10.2,6.3
52781,2,22/10/2025,19.4,7.5,0.0
52781,2,15/11/2025,10.8,9.2,6.2
52781,2,10/12/2025,9.5,9.2,0.0
52795,2,15/07/2025,12.4,10.4,3.0
52795,2,15/08/2025,11.6,7.7,0.0
52795,2,20/09/2025,12.3,12.8,4.1
52795,2,22/10/2025,9.4,9.9,0.0
52795,2,15/11/2025,11.4,9.7,5.4
52795,2,10/12/2025,13.3,7.0,0.0
52796,2,15/07/2025,14.8,13.5,6.7
52796,2,15/08/2025,12.9,16.1,0.0
52796,2,20/09/2025,12.0,17.6,3.3
52796,2,22/10/2025,14.2,8.7,0.0
52796,2,15/11/2025,9.8,7.0,6.1
52796,2,10/12/2025,13.4,12.1,0.0
52797,2,15/07/2025,14.6,7.3,6.7
52797,2,15/08/2025,11.9,12.9,0.0
52797,2,20/09/2025,12.3,9.0,5.7
52797,2,22/10/2025,14.6,11.6,0.0
52797,2,15/11/2025,12.7,10.3,5.0
52797,2,10/12/2025,9.3,8.8,0.0
52810,3,15/07/2025,16.2,10.4,6.4
52810,3,15/08/2025,18.6,14.8,0.0
52810,3,20/09/2025,13.2,12.0,4.8
52810,3,22/10/2025,13.5,13.0,0.0
52810,3,15/11/2025,12.4,7.0,4.3
52810,3,10/12/2025,11.4,7.4,0.0
52853,4,15/07/2025,15.4,15.3,6.2
52853,4,15/08/2025,13.9,10.6,0.0
52853,4,20/09/2025,13.4,15.7,4.1
52853,4,22/10/2025,13.2,10.9,0.0
52853,4,15/11/2025,11.4,9.8,4.8
52853,4,10/12/2025,11.6,11.0,0.0
52871,1,15/07/2025,17.4,15.9,6.9
52871,1,15/08/2025,16.7,12.5,0.0
52871,1,20/09/2025,16.1,15.3,6.2
52871,1,22/10/2025,17.0,11.1,0.0
52871,1,15/11/2025,14.1,13.4,5.6
52871,1,10/12/2025,15.7,13.0,0.0
52882,2,15/07/2025,15.2,9.4,7.1
52882,2,15/08/2025,16.6,10.0,0.0
52882,2,20/09/2025,11.9,12.8,7.7
52882,2,22/10/2025,15.2,13.1,0.0
52882,2,15/11/2025,10.6,11.2,3.0
52882,2,10/12/2025,12.6,8.2,0.0
52889,2,15/07/2025,13.5,9.5,5.6
52889,2,15/08/2025,17.2,11.4,0.0
52889,2,20/09/2025,11.2,13.6,5.3
52889,2,22/10/2025,12.9,11.5,0.0
52889,2,15/11/2025,11.1,7.1,3.6
52889,2,10/12/2025,9.9,11.8,0.0
52896,3,15/07/2025,16.3,12.8,6.0
52896,3,15/08/2025,10.4,12.0,0.0
52896,3,20/09/2025,13.9,8.2,6.1
52896,3,22/10/2025,13.7,10.0,0.0
52896,3,15/11/2025,12.6,11.3,5.4
52896,3,10/12/2025,11.9,9.6,0.0
52902,3,15/07/2025,14.8,11.3,6.7
52902,3,15/08/2025,11.7,9.6,0.0
52902,3,20/09/2025,13.7,7.4,5.9
52902,3,22/10/2025,14.1,12.1,0.0
52902,3,15/11/2025,13.7,8.0,4.8
52902,3,10/12/2025,7.0,8.7,0.0
52903,3,15/07/2025,13.3,12.6,6.0
52903,3,15/08/2025,14.3,9.2,0.0
52903,3,20/09/2025,17.1,7.4,6.2
52903,3,22/10/2025,9.9,15.3,0.0
52903,3,15/11/2025,9.9,8.2,4.7
52903,3,10/12/2025,11.0,7.5,0.0
52906,3,15/07/2025,15.4,13.9,3.9
52906,3,15/08/2025,12.4,7.0,0.0
52906,3,20/09/2025,13.4,8.2,4.7
52906,3,22/10/2025,16.3,10.6,0.0
52906,3,15/11/2025,12.7,12.7,6.2
52906,3,10/12/2025,9.5,7.0,0.0
52907,2,15/07/2025,11.5,11.0,5.8
52907,2,15/08/2025,15.1,13.4,0.0
52907,2,20/09/2025,9.0,7.7,5.1
52907,2,22/10/2025,12.3,13.3,0.0
52907,2,15/11/2025,10.4,7.0,5.0
52907,2,10/12/2025,14.2,11.3,0.0
52908,1,15/07/2025,18.9,16.4,7.0
52908,1,15/08/2025,20.6,16.1,0.0
52908,1,20/09/2025,16.2,14.1,8.4
52908,1,22/10/2025,13.5,11.6,0.0
52908,1,15/11/2025,14.7,14.2,6.4
52908,1,10/12/2025,11.2,15.1,0.0
52929,3,15/07/2025,9.0,9.8,5.2
52929,3,15/08/2025,18.0,12.7,0.0
52929,3,20/09/2025,13.3,12.9,6.6
52929,3,22/10/2025,13.8,11.6,0.0
52929,3,15/11/2025,11.8,7.0,6.0
52929,3,10/12/2025,12.6,10.0,0.0
52932,2,15/07/2025,13.0,11.3,3.9
52932,2,15/08/2025,14.8,12.8,0.0
52932,2,20/09/2025,13.1,8.8,6.1
52932,2,22/10/2025,8.0,12.0,0.0
52932,2,15/11/2025,14.0,13.3,7.0
52932,2,10/12/2025,9.3,8.0,0.0
52937,3,15/07/2025,15.1,9.9,6.0
52937,3,15/08/2025,12.5,9.6,0.0
52937,3,20/09/2025,18.3,10.6,5.5
52937,3,22/10/2025,11.7,9.7,0.0
52937,3,15/11/2025,7.4,11.1,5.6
52937,3,10/12/2025,7.0,8.0,0.0
52940,4,15/07/2025,12.0,8.4,5.2
52940,4,15/08/2025,15.6,9.7,0.0
52940,4,20/09/2025,15.0,14.2,4.3
52940,4,22/10/2025,12.0,12.1,0.0
52940,4,15/11/2025,11.8,10.8,5.2
52940,4,10/12/2025,13.2,7.0,0.0
52944,4,15/07/2025,14.8,11.7,5.1
52944,4,15/08/2025,13.1,12.2,0.0
52944,4,20/09/2025,11.6,7.0,6.4
52944,4,22/10/2025,11.9,8.8,0.0
52944,4,15/11/2025,13.4,9.4,4.0
52944,4,10/12/2025,10.0,7.4,0.0
52965,3,15/07/2025,12.9,8.8,6.7
52965,3,15/08/2025,12.4,14.3,0.0
52965,3,20/09/2025,13.3,9.4,5.8
52965,3,22/10/2025,14.0,14.8,0.0
52965,3,15/11/2025,12.0,9.0,5.0
52965,3,10/12/2025,10.5,7.2,0.0
52969,3,15/07/2025,10.7,10.6,4.6
52969,3,15/08/2025,13.2,14.7,0.0
52969,3,20/09/2025,13.6,9.8,4.0
52969,3,22/10/2025,10.7,11.5,0.0
52969,3,15/11/2025,13.9,10.2,5.5
52969,3,10/12/2025,9.7,9.5,0.0
52974,2,15/07/2025,18.8,11.3,3.3
52974,2,15/08/2025,11.4,15.9,0.0
52974,2,20/09/2025,14.8,11.7,5.8
52974,2,22/10/2025,11.5,8.8,0.0
52974,2,15/11/2025,12.7,8.6,5.7
52974,2,10/12/2025,8.7,8.2,0.0
52986,1,15/07/2025,19.5,10.5,6.9
52986,1,15/08/2025,17.7,14.1,0.0
52986,1,20/09/2025,16.4,12.5,6.3
52986,1,22/10/2025,18.8,11.2,0.0
52986,1,15/11/2025,14.8,15.6,7.0
52986,1,10/12/2025,16.8,10.3,0.0
52987,1,15/07/2025,18.3,9.7,7.0
52987,1,15/08/2025,21.3,16.5,0.0
52987,1,20/09/2025,20.4,11.8,7.4
52987,1,22/10/2025,18.4,14.7,0.0
52987,1,15/11/2025,16.6,11.2,5.8
52987,1,10/12/2025,16.5,13.7,0.0
53003,2,15/07/2025,14.4,11.1,4.3
53003,2,15/08/2025,15.4,12.7,0.0
53003,2,20/09/2025,11.9,9.0,5.6
53003,2,22/10/2025,12.4,9.4,0.0
53003,2,15/11/2025,11.4,10.3,5.0
53003,2,10/12/2025,12.2,10.5,0.0
53005,3,15/07/2025,16.1,10.5,7.5
53005,3,15/08/2025,17.3,11.3,0.0
53005,3,20/09/2025,13.4,7.0,4.7
53005,3,22/10/2025,13.5,9.5,0.0
53005,3,15/11/2025,15.2,7.0,6.2
53005,3,10/12/2025,11.4,7.0,0.0
53016,3,15/07/2025,16.0,10.5,4.2
53016,3,15/08/2025,12.2,11.5,0.0
53016,3,20/09/2025,16.3,10.8,5.1
53016,3,22/10/2025,14.8,9.4,0.0
53016,3,15/11/2025,13.2,12.3,4.5
53016,3,10/12/2025,11.1,10.5,0.0
53022,1,15/07/2025,21.1,9.4,6.2
53022,1,15/08/2025,19.6,12.2,0.0
53022,1,20/09/2025,16.6,12.6,6.2
53022,1,22/10/2025,18.2,15.4,0.0
53022,1,15/11/2025,12.8,13.1,6.5
53022,1,10/12/2025,15.0,11.0,0.0
53023,1,15/07/2025,17.4,14.3,7.9
53023,1,15/08/2025,18.7,17.4,0.0
53023,1,20/09/2025,16.6,14.9,6.4
53023,1,22/10/2025,17.3,15.6,0.0
53023,1,15/11/2025,14.3,12.5,5.0
53023,1,10/12/2025,12.2,13.7,0.0
53026,1,15/07/2025,18.6,17.7,8.2
53026,1,15/08/2025,15.4,16.6,0.0
53026,1,20/09/2025,18.1,14.9,6.9
53026,1,22/10/2025,17.4,15.7,0.0
53026,1,15/11/2025,15.4,10.1,7.5
53026,1,10/12/2025,12.5,8.7,0.0
53027,1,15/07/2025,18.5,13.9,8.1
53027,1,15/08/2025,18.4,16.2,0.0
53027,1,20/09/2025,18.5,15.7,6.4
53027,1,22/10/2025,16.5,13.7,0.0
53027,1,15/11/2025,19.0,12.2,6.5
53027,1,10/12/2025,15.3,8.4,0.0
53030,2,15/07/2025,13.2,11.0,5.7
53030,2,15/08/2025,16.4,11.6,0.0
53030,2,20/09/2025,12.7,8.6,4.8
53030,2,22/10/2025,10.6,7.0,0.0
53030,2,15/11/2025,14.4,7.0,4.6
53030,2,10/12/2025,9.4,8.7,0.0
53032,2,15/07/2025,10.2,13.4,5.2
53032,2,15/08/2025,15.4,15.4,0.0
53032,2,20/09/2025,13.2,14.4,6.6
53032,2,22/10/2025,13.8,9.3,0.0
53032,2,15/11/2025,10.1,11.6,6.3
53032,2,10/12/2025,10.9,7.0,0.0
53034,1,15/07/2025,19.9,13.8,6.1
53034,1,15/08/2025,17.3,14.2,0.0
53034,1,20/09/2025,18.6,12.4,7.1
53034,1,22/10/2025,11.2,12.3,0.0
53034,1,15/11/2025,16.2,10.2,7.1
53034,1,10/12/2025,12.8,10.9,0.0
53042,3,15/07/2025,18.4,10.0,6.1
53042,3,15/08/2025,14.1,7.8,0.0
53042,3,20/09/2025,14.1,9.8,5.9
53042,3,22/10/2025,13.3,9.1,0.0
53042,3,15/11/2025,10.5,7.7,5.0
53042,3,10/12/2025,11.1,8.9,0.0
53068,2,15/07/2025,12.5,10.6,6.0
53068,2,15/08/2025,14.7,12.2,0.0
53068,2,20/09/2025,14.1,12.5,6.0
53068,2,22/10/2025,12.7,13.2,0.0
53068,2,15/11/2025,12.8,11.6,6.4
53068,2,10/12/2025,13.2,12.7,0.0
53069,1,15/07/2025,17.6,13.6,6.8
53069,1,15/08/2025,17.8,14.9,0.0
53069,1,20/09/2025,17.8,19.4,5.4
53069,1,22/10/2025,14.5,14.7,0.0
53069,1,15/11/2025,16.7,16.3,7.1
53069,1,10/12/2025,16.8,9.8,0.0
53070,1,15/07/2025,18.3,15.4,5.5
53070,1,15/08/2025,20.9,11.9,0.0
53070,1,20/09/2025,16.0,15.6,7.2
53070,1,22/10/2025,20.9,13.1,0.0
53070,1,15/11/2025,16.6,15.0,6.4
53070,1,10/12/2025,11.1,13.3,0.0
53073,3,15/07/2025,13.4,10.7,5.8
53073,3,15/08/2025,19.5,7.5,0.0
53073,3,20/09/2025,14.5,11.3,4.3
53073,3,22/10/2025,14.2,10.5,0.0
53073,3,15/11/2025,12.4,9.9,3.9
53073,3,10/12/2025,12.7,7.0,0.0
53098,3,15/07/2025,16.2,12.7,6.1
53098,3,15/08/2025,16.2,10.9,0.0
53098,3,20/09/2025,10.3,13.3,5.0
53098,3,22/10/2025,9.5,14.5,0.0
53098,3,15/11/2025,13.4,9.5,6.0
53098,3,10/12/2025,11.7,10.4,0.0
53104,2,15/07/2025,16.5,11.2,5.1
53104,2,15/08/2025,16.1,9.3,0.0
53104,2,20/09/2025,14.9,7.3,3.9
53104,2,22/10/2025,17.4,7.0,0.0
53104,2,15/11/2025,12.5,12.9,6.3
53104,2,10/12/2025,11.1,7.6,0.0
53107,1,15/07/2025,15.6,11.6,5.0
53107,1,15/08/2025,19.1,15.7,0.0
53107,1,20/09/2025,16.8,13.7,8.2
53107,1,22/10/2025,16.8,8.8,0.0
53107,1,15/11/2025,17.1,14.7,7.4
53107,1,10/12/2025,13.8,13.0,0.0
53109,3,15/07/2025,14.9,9.0,5.6
53109,3,15/08/2025,15.0,9.8,0.0
53109,3,20/09/2025,13.7,9.6,3.7
53109,3,22/10/2025,12.8,10.7,0.0
53109,3,15/11/2025,8.9,8.3,6.5
53109,3,10/12/2025,11.0,11.1,0.0
53114,2,15/07/2025,17.7,9.4,5.4
53114,2,15/08/2025,15.1,11.0,0.0
53114,2,20/09/2025,11.4,11.3,4.4
53114,2,22/10/2025,13.8,9.3,0.0
53114,2,15/11/2025,9.1,10.2,5.3
53114,2,10/12/2025,11.7,9.5,0.0
53116,2,15/07/2025,16.5,9.5,4.7
53116,2,15/08/2025,12.0,10.7,0.0
53116,2,20/09/2025,13.7,11.2,4.9
53116,2,22/10/2025,10.9,10.5,0.0
53116,2,15/11/2025,12.6,9.8,5.5
53116,2,10/12/2025,12.4,7.0,0.0
53125,3,15/07/2025,9.9,11.1,5.7
53125,3,15/08/2025,10.3,11.2,0.0
53125,3,20/09/2025,11.8,9.3,5.5
53125,3,22/10/2025,14.7,16.5,0.0
53125,3,15/11/2025,10.7,7.8,3.7
53125,3,10/12/2025,10.2,7.0,0.0
53127,3,15/07/2025,14.4,11.5,4.9
53127,3,15/08/2025,12.1,10.6,0.0
53127,3,20/09/2025,14.7,11.4,4.4
53127,3,22/10/2025,17.6,12.6,0.0
53127,3,15/11/2025,12.5,12.0,5.6
53127,3,10/12/2025,12.8,9.6,0.0
53132,1,15/07/2025,17.2,12.6,6.1
53132,1,15/08/2025,17.7,14.1,0.0
53132,1,20/09/2025,15.3,15.1,8.4
53132,1,22/10/2025,19.5,10.9,0.0
53132,1,15/11/2025,16.2,11.6,7.4
53132,1,10/12/2025,14.4,11.1,0.0
53139,2,15/07/2025,11.1,10.9,5.6
53139,2,15/08/2025,16.9,11.6,0.0
53139,2,20/09/2025,12.0,12.0,4.4
53139,2,22/10/2025,10.2,10.8,0.0
53139,2,15/11/2025,7.1,8.8,5.1
53139,2,10/12/2025,12.5,7.0,0.0
53150,3,15/07/2025,14.8,12.5,5.9
53150,3,15/08/2025,14.2,8.9,0.0
53150,3,20/09/2025,15.6,13.4,5.7
53150,3,22/10/2025,10.4,10.2,0.0
53150,3,15/11/2025,12.8,8.4,4.9
53150,3,10/12/2025,14.2,7.8,0.0
53152,3,15/07/2025,11.6,11.1,2.9
53152,3,15/08/2025,13.8,13.9,0.0
53152,3,20/09/2025,15.4,13.1,5.2
53152,3,22/10/2025,9.8,10.4,0.0
53152,3,15/11/2025,12.8,9.3,4.5
53152,3,10/12/2025,7.0,8.9,0.0
53153,2,15/07/2025,11.7,11.4,4.4
53153,2,15/08/2025,17.3,9.8,0.0
53153,2,20/09/2025,11.9,13.7,4.8
53153,2,22/10/2025,10.6,13.4,0.0
53153,2,15/11/2025,9.6,10.6,5.4
53153,2,10/12/2025,11.8,9.0,0.0
53162,4,15/07/2025,11.9,11.0,6.1
53162,4,15/08/2025,15.2,14.3,0.0
53162,4,20/09/2025,14.0,12.4,6.1
53162,4,22/10/2025,11.2,9.8,0.0
53162,4,15/11/2025,12.5,7.0,5.1
53162,4,10/12/2025,9.4,7.1,0.0
53163,1,15/07/2025,19.5,12.4,4.8
53163,1,15/08/2025,21.9,17.4,0.0
53163,1,20/09/2025,17.4,16.3,7.6
53163,1,22/10/2025,16.7,12.0,0.0
53163,1,15/11/2025,15.5,13.2,4.9
53163,1,10/12/2025,10.5,14.4,0.0
53164,2,15/07/2025,8.8,10.7,5.9
53164,2,15/08/2025,12.4,9.0,0.0
53164,2,20/09/2025,10.4,9.6,6.5
53164,2,22/10/2025,13.1,11.1,0.0
53164,2,15/11/2025,12.7,7.0,3.9
53164,2,10/12/2025,10.7,13.8,0.0
53177,2,15/07/2025,15.0,11.9,5.4
53177,2,15/08/2025,13.8,10.4,0.0
53177,2,20/09/2025,13.9,13.5,5.4
53177,2,22/10/2025,15.0,10.8,0.0
53177,2,15/11/2025,11.7,7.0,7.3
53177,2,10/12/2025,13.6,12.6,0.0
53189,1,15/07/2025,16.7,16.4,7.5
53189,1,15/08/2025,16.7,13.7,0.0
53189,1,20/09/2025,17.7,11.8,7.7
53189,1,22/10/2025,15.7,14.0,0.0
53189,1,15/11/2025,17.6,13.4,6.1
53189,1,10/12/2025,13.9,12.1,0.0
53191,1,15/07/2025,17.0,13.0,6.5
53191,1,15/08/2025,20.0,13.9,0.0
53191,1,20/09/2025,20.4,12.5,8.3
53191,1,22/10/2025,12.8,14.5,0.0
53191,1,15/11/2025,16.5,14.1,7.6
53191,1,10/12/2025,11.7,14.2,0.0
53202,1,15/07/2025,16.2,15.3,6.2
53202,1,15/08/2025,20.2,14.0,0.0
53202,1,20/09/2025,19.7,16.6,7.2
53202,1,22/10/2025,16.2,15.7,0.0
53202,1,15/11/2025,13.8,12.8,6.2
53202,1,10/12/2025,14.8,9.6,0.0
53206,3,15/07/2025,10.6,9.9,5.5
53206,3,15/08/2025,17.5,11.6,0.0
53206,3,20/09/2025,10.9,10.6,2.1
53206,3,22/10/2025,13.2,10.0,0.0
53206,3,15/11/2025,12.8,13.4,4.8
53206,3,10/12/2025,12.1,11.6,0.0
53207,1,15/07/2025,18.5,13.9,6.3
53207,1,15/08/2025,16.0,12.0,0.0
53207,1,20/09/2025,21.3,13.7,7.2
53207,1,22/10/2025,14.9,16.8,0.0
53207,1,15/11/2025,16.8,11.7,6.5
53207,1,10/12/2025,14.1,8.9,0.0
53211,1,15/07/2025,19.9,14.4,6.7
53211,1,15/08/2025,15.6,13.0,0.0
53211,1,20/09/2025,15.0,12.4,6.2
53211,1,22/10/2025,16.9,14.0,0.0
53211,1,15/11/2025,18.3,14.6,5.4
53211,1,10/12/2025,14.8,10.8,0.0
53219,1,15/07/2025,18.3,13.7,6.7
53219,1,15/08/2025,19.8,13.9,0.0
53219,1,20/09/2025,16.1,17.0,7.0
53219,1,22/10/2025,20.3,12.8,0.0
53219,1,15/11/2025,17.8,14.9,6.9
53219,1,10/12/2025,16.7,13.1,0.0
53220,3,15/07/2025,12.8,8.4,5.8
53220,3,15/08/2025,15.1,13.1,0.0
53220,3,20/09/2025,13.2,9.0,5.6
53220,3,22/10/2025,13.4,11.6,0.0
53220,3,15/11/2025,10.7,10.6,3.8
53220,3,10/12/2025,12.3,7.0,0.0
53222,3,15/07/2025,11.2,13.7,4.1
53222,3,15/08/2025,12.0,10.1,0.0
53222,3,20/09/2025,13.1,11.0,6.8
53222,3,22/10/2025,9.6,10.8,0.0
53222,3,15/11/2025,10.8,7.0,3.6
53222,3,10/12/2025,10.8,10.8,0.0
53223,2,15/07/2025,14.2,12.9,5.3
53223,2,15/08/2025,13.0,9.7,0.0
53223,2,20/09/2025,17.1,11.9,6.2
53223,2,22/10/2025,11.1,7.0,0.0
53223,2,15/11/2025,11.1,10.8,5.2
53223,2,10/12/2025,10.8,8.6,0.0
53233,3,15/07/2025,13.0,12.6,5.2
53233,3,15/08/2025,11.8,12.7,0.0
53233,3,20/09/2025,16.7,12.5,6.1
53233,3,22/10/2025,13.5,11.9,0.0
53233,3,15/11/2025,7.0,8.7,3.6
53233,3,10/12/2025,9.1,11.2,0.0
53237,1,15/07/2025,18.6,13.5,7.5
53237,1,15/08/2025,16.6,14.6,0.0
53237,1,20/09/2025,18.3,11.5,6.3
53237,1,22/10/2025,18.8,13.8,0.0
53237,1,15/11/2025,14.2,13.1,5.9
53237,1,10/12/2025,14.1,13.8,0.0
53243,3,15/07/2025,10.6,10.2,7.2
53243,3,15/08/2025,14.0,12.6,0.0
53243,3,20/09/2025,13.7,13.3,5.0
53243,3,22/10/2025,16.5,11.7,0.0
53243,3,15/11/2025,13.6,7.0,5.0
53243,3,10/12/2025,7.4,7.0,0.0
53252,2,15/07/2025,12.5,11.5,5.5
53252,2,15/08/2025,13.5,10.5,0.0
53252,2,20/09/2025,15.3,7.0,5.9
53252,2,22/10/2025,13.8,10.4,0.0
53252,2,15/11/2025,11.4,7.0,5.0
53252,2,10/12/2025,8.0,10.3,0.0
53254,2,15/07/2025,12.5,11.2,3.8
53254,2,15/08/2025,16.3,10.3,0.0
53254,2,20/09/2025,14.9,10.8,6.0
53254,2,22/10/2025,11.1,9.9,0.0
53254,2,15/11/2025,13.5,9.7,3.7
53254,2,10/12/2025,13.7,8.4,0.0
53257,1,15/07/2025,17.7,16.8,7.2
53257,1,15/08/2025,18.5,17.1,0.0
53257,1,20/09/2025,18.0,17.6,7.3
53257,1,22/10/2025,15.6,13.5,0.0
53257,1,15/11/2025,14.9,10.0,5.3
53257,1,10/12/2025,14.9,9.5,0.0
53258,3,15/07/2025,14.4,13.0,4.7
53258,3,15/08/2025,12.2,11.8,0.0
53258,3,20/09/2025,15.6,8.9,4.7
53258,3,22/10/2025,10.2,11.3,0.0
53258,3,15/11/2025,13.6,8.7,5.8
53258,3,10/12/2025,10.6,7.6,0.0
53262,3,15/07/2025,12.7,11.0,5.8
53262,3,15/08/2025,13.9,10.0,0.0
53262,3,20/09/2025,14.8,12.4,6.2
53262,3,22/10/2025,15.6,9.1,0.0
53262,3,15/11/2025,11.9,11.5,3.7
53262,3,10/12/2025,8.8,10.2,0.0
53263,1,15/07/2025,16.5,10.6,7.8
53263,1,15/08/2025,19.1,14.6,0.0
53263,1,20/09/2025,18.5,15.8,7.2
53263,1,22/10/2025,16.7,14.4,0.0
53263,1,15/11/2025,13.4,13.9,6.9
53263,1,10/12/2025,14.9,12.6,0.0
53275,1,15/07/2025,18.7,13.7,7.2
53275,1,15/08/2025,18.3,14.3,0.0
53275,1,20/09/2025,21.1,13.2,7.4
53275,1,22/10/2025,17.3,14.7,0.0
53275,1,15/11/2025,14.4,12.5,5.0
53275,1,10/12/2025,16.5,10.4,0.0
53284,3,15/07/2025,14.5,12.4,5.2
53284,3,15/08/2025,15.5,11.9,0.0
53284,3,20/09/2025,13.7,8.2,5.5
53284,3,22/10/2025,13.6,7.0,0.0
53284,3,15/11/2025,12.2,9.2,4.6
53284,3,10/12/2025,10.0,9.1,0.0
53285,3,15/07/2025,16.0,10.0,3.6
53285,3,15/08/2025,16.0,11.0,0.0
53285,3,20/09/2025,17.1,9.8,5.5
53285,3,22/10/2025,13.2,10.1,0.0
53285,3,15/11/2025,13.4,12.3,2.6
53285,3,10/12/2025,12.9,7.4,0.0
53286,1,15/07/2025,18.0,12.5,6.7
53286,1,15/08/2025,14.8,17.4,0.0
53286,1,20/09/2025,18.7,10.7,6.4
53286,1,22/10/2025,18.2,11.2,0.0
53286,1,15/11/2025,15.8,8.8,6.0
53286,1,10/12/2025,11.0,14.1,0.0
53290,3,15/07/2025,9.6,10.2,5.4
53290,3,15/08/2025,14.4,11.8,0.0
53290,3,20/09/2025,9.0,10.4,6.4
53290,3,22/10/2025,9.3,9.8,0.0
53290,3,15/11/2025,12.2,8.1,3.5
53290,3,10/12/2025,10.5,9.7,0.0
53292,2,15/07/2025,14.3,10.9,4.3
53292,2,15/08/2025,15.6,14.0,0.0
53292,2,20/09/2025,18.5,15.3,5.1
53292,2,22/10/2025,15.5,7.6,0.0
53292,2,15/11/2025,10.9,11.3,2.4
53292,2,10/12/2025,12.2,8.1,0.0
53295,2,15/07/2025,16.3,12.7,5.6
53295,2,15/08/2025,13.1,11.8,0.0
53295,2,20/09/2025,10.3,10.8,6.0
53295,2,22/10/2025,16.0,9.8,0.0
53295,2,15/11/2025,15.7,9.3,3.9
53295,2,10/12/2025,9.2,8.5,0.0
53298,2,15/07/2025,13.5,13.7,6.4
53298,2,15/08/2025,14.4,9.9,0.0
53298,2,20/09/2025,16.6,10.1,5.5
53298,2,22/10/2025,10.2,7.9,0.0
53298,2,15/11/2025,12.1,10.4,5.7
53298,2,10/12/2025,7.0,9.8,0.0
53304,1,15/07/2025,17.5,11.7,7.4
53304,1,15/08/2025,16.0,18.3,0.0
53304,1,20/09/2025,17.5,15.6,5.9
53304,1,22/10/2025,17.3,10.8,0.0
53304,1,15/11/2025,16.3,11.6,5.4
53304,1,10/12/2025,14.0,11.7,0.0
53308,1,15/07/2025,20.7,11.4,8.0
53308,1,15/08/2025,18.9,14.3,0.0
53308,1,20/09/2025,17.4,13.2,9.7
53308,1,22/10/2025,16.0,16.4,0.0
53308,1,15/11/2025,14.3,13.3,7.8
53308,1,10/12/2025,14.9,12.7,0.0
53312,1,15/07/2025,19.9,13.2,6.6
53312,1,15/08/2025,18.9,10.8,0.0
53312,1,20/09/2025,20.2,15.0,6.0
53312,1,22/10/2025,14.1,14.4,0.0
53312,1,15/11/2025,17.7,13.9,5.1
53312,1,10/12/2025,13.9,13.6,0.0
53317,3,15/07/2025,14.6,11.5,6.3
53317,3,15/08/2025,12.0,14.3,0.0
53317,3,20/09/2025,13.1,11.2,5.3
53317,3,22/10/2025,11.1,11.0,0.0
53317,3,15/11/2025,13.1,10.8,4.2
53317,3,10/12/2025,8.1,7.3,0.0
53319,2,15/07/2025,15.7,8.9,4.8
53319,2,15/08/2025,13.1,14.1,0.0
53319,2,20/09/2025,15.0,10.4,5.7
53319,2,22/10/2025,14.6,9.2,0.0
53319,2,15/11/2025,10.4,14.3,4.5
53319,2,10/12/2025,10.8,7.0,0.0
53320,2,15/07/2025,16.7,12.3,4.5
53320,2,15/08/2025,13.4,12.2,0.0
53320,2,20/09/2025,12.9,8.0,4.9
53320,2,22/10/2025,13.8,10.0,0.0
53320,2,15/11/2025,11.3,7.9,8.2
53320,2,10/12/2025,8.9,9.6,0.0
53322,1,15/07/2025,18.1,11.7,6.9
53322,1,15/08/2025,18.9,14.5,0.0
53322,1,20/09/2025,15.8,15.9,6.4
53322,1,22/10/2025,17.5,12.2,0.0
53322,1,15/11/2025,15.0,13.2,5.4
53322,1,10/12/2025,10.5,12.7,0.0
53324,3,15/07/2025,12.7,11.3,4.7
53324,3,15/08/2025,11.1,13.9,0.0
53324,3,20/09/2025,16.3,11.4,4.5
53324,3,22/10/2025,15.6,12.3,0.0
53324,3,15/11/2025,11.8,10.1,3.5
53324,3,10/12/2025,9.9,7.0,0.0
53325,2,15/07/2025,16.2,10.1,6.9
53325,2,15/08/2025,14.6,10.8,0.0
53325,2,20/09/2025,16.2,12.9,5.2
53325,2,22/10/2025,13.0,11.9,0.0
53325,2,15/11/2025,14.5,9.9,4.5
53325,2,10/12/2025,12.0,7.0,0.0
53329,1,15/07/2025,19.9,17.7,7.3
53329,1,15/08/2025,19.6,17.6,0.0
53329,1,20/09/2025,17.0,15.0,7.2
53329,1,22/10/2025,14.1,13.6,0.0
53329,1,15/11/2025,13.6,13.6,7.5
53329,1,10/12/2025,12.1,10.8,0.0
53335,1,15/07/2025,17.6,16.7,7.5
53335,1,15/08/2025,17.4,13.9,0.0
53335,1,20/09/2025,15.9,15.6,7.7
53335,1,22/10/2025,18.6,11.6,0.0
53335,1,15/11/2025,14.3,13.5,5.2
53335,1,10/12/2025,14.3,11.9,0.0
53340,3,15/07/2025,17.3,9.2,5.1
53340,3,15/08/2025,16.8,9.2,0.0
53340,3,20/09/2025,13.1,9.9,6.9
53340,3,22/10/2025,12.4,9.7,0.0
53340,3,15/11/2025,16.8,11.4,6.7
53340,3,10/12/2025,7.0,9.1,0.0
53342,3,15/07/2025,14.9,14.6,5.3
53342,3,15/08/2025,14.4,9.2,0.0
53342,3,20/09/2025,15.9,12.5,4.9
53342,3,22/10/2025,13.8,8.9,0.0
53342,3,15/11/2025,9.4,9.0,5.3
53342,3,10/12/2025,10.7,12.7,0.0
53343,2,15/07/2025,13.7,12.5,5.3
53343,2,15/08/2025,15.8,12.5,0.0
53343,2,20/09/2025,16.3,10.5,6.5
53343,2,22/10/2025,14.7,13.6,0.0
53343,2,15/11/2025,14.6,8.8,3.7
53343,2,10/12/2025,10.4,10.5,0.0
53344,2,15/07/2025,16.7,9.8,4.9
53344,2,15/08/2025,12.5,8.5,0.0
53344,2,20/09/2025,16.9,13.9,4.9
53344,2,22/10/2025,11.3,11.0,0.0
53344,2,15/11/2025,11.1,11.0,2.7
53344,2,10/12/2025,10.3,9.1,0.0
53355,3,15/07/2025,17.3,9.3,5.3
53355,3,15/08/2025,12.9,8.9,0.0
53355,3,20/09/2025,14.4,13.1,4.7
53355,3,22/10/2025,10.8,11.9,0.0
53355,3,15/11/2025,10.3,9.9,3.8
53355,3,10/12/2025,11.7,9.9,0.0
53356,3,15/07/2025,14.2,11.7,5.9
53356,3,15/08/2025,13.0,13.4,0.0
53356,3,20/09/2025,13.2,8.8,6.1
53356,3,22/10/2025,13.0,7.6,0.0
53356,3,15/11/2025,11.6,10.5,5.5
53356,3,10/12/2025,9.6,7.0,0.0
53357,3,15/07/2025,16.0,9.5,5.5
53357,3,15/08/2025,11.3,11.9,0.0
53357,3,20/09/2025,7.9,11.1,5.1
53357,3,22/10/2025,12.4,8.8,0.0
53357,3,15/11/2025,10.8,8.4,4.8
53357,3,10/12/2025,9.5,8.7,0.0
53364,2,15/07/2025,12.8,12.7,5.8
53364,2,15/08/2025,12.8,14.3,0.0
53364,2,20/09/2025,12.4,9.6,5.1
53364,2,22/10/2025,14.5,7.6,0.0
53364,2,15/11/2025,11.1,10.1,6.3
53364,2,10/12/2025,13.0,11.3,0.0
53372,3,15/07/2025,12.0,10.2,6.3
53372,3,15/08/2025,17.0,10.3,0.0
53372,3,20/09/2025,12.9,9.1,6.2
53372,3,22/10/2025,12.7,8.4,0.0
53372,3,15/11/2025,13.2,9.8,4.7
53372,3,10/12/2025,10.0,9.2,0.0
53374,1,15/07/2025,15.4,15.3,6.8
53374,1,15/08/2025,19.0,14.0,0.0
53374,1,20/09/2025,20.7,14.8,7.1
53374,1,22/10/2025,18.6,14.0,0.0
53374,1,15/11/2025,17.8,10.8,6.1
53374,1,10/12/2025,12.2,9.5,0.0
53377,3,15/07/2025,13.5,9.9,5.5
53377,3,15/08/2025,16.5,14.3,0.0
53377,3,20/09/2025,13.1,11.2,6.8
53377,3,22/10/2025,15.4,12.3,0.0
53377,3,15/11/2025,13.0,8.5,5.5
53377,3,10/12/2025,8.6,10.6,0.0
53379,3,15/07/2025,11.8,13.3,5.9
53379,3,15/08/2025,17.7,11.7,0.0
53379,3,20/09/2025,13.2,10.8,6.4
53379,3,22/10/2025,12.8,7.7,0.0
53379,3,15/11/2025,9.1,9.8,4.7
53379,3,10/12/2025,12.2,7.0,0.0
53385,3,15/07/2025,12.8,13.0,5.6
53385,3,15/08/2025,15.9,8.7,0.0
53385,3,20/09/2025,16.1,13.1,5.5
53385,3,22/10/2025,12.5,10.8,0.0
53385,3,15/11/2025,9.5,11.7,3.1
53385,3,10/12/2025,11.0,9.9,0.0
53389,2,15/07/2025,14.0,10.5,6.1
53389,2,15/08/2025,14.2,15.2,0.0
53389,2,20/09/2025,13.5,11.5,6.6
53389,2,22/10/2025,13.5,11.0,0.0
53389,2,15/11/2025,17.3,9.5,5.6
53389,2,10/12/2025,9.2,8.2,0.0
53394,2,15/07/2025,14.8,8.5,6.1
53394,2,15/08/2025,13.4,10.8,0.0
53394,2,20/09/2025,17.3,10.7,3.7
53394,2,22/10/2025,14.0,9.7,0.0
53394,2,15/11/2025,9.3,11.0,4.0
53394,2,10/12/2025,8.7,12.4,0.0
53395,3,15/07/2025,14.1,13.9,5.6
53395,3,15/08/2025,11.1,10.2,0.0
53395,3,20/09/2025,16.2,8.2,4.6
53395,3,22/10/2025,9.5,9.8,0.0
53395,3,15/11/2025,10.3,9.3,6.4
53395,3,10/12/2025,11.1,10.1,0.0
53396,4,15/07/2025,13.3,9.9,5.8
53396,4,15/08/2025,14.8,13.1,0.0
53396,4,20/09/2025,15.1,12.0,5.7
53396,4,22/10/2025,12.8,10.9,0.0
53396,4,15/11/2025,9.3,9.9,4.2
53396,4,10/12/2025,13.4,8.8,0.0
53403,3,15/07/2025,10.5,11.4,4.9
53403,3,15/08/2025,16.8,12.0,0.0
53403,3,20/09/2025,15.2,13.3,5.3
53403,3,22/10/2025,15.2,11.0,0.0
53403,3,15/11/2025,12.2,7.8,4.2
53403,3,10/12/2025,15.3,9.9,0.0
53404,2,15/07/2025,12.5,12.6,3.3
53404,2,15/08/2025,11.8,13.2,0.0
53404,2,20/09/2025,13.4,13.5,6.9
53404,2,22/10/2025,14.2,11.8,0.0
53404,2,15/11/2025,12.9,7.0,6.3
53404,2,10/12/2025,11.5,10.2,0.0
53405,2,15/07/2025,14.2,7.0,4.9
53405,2,15/08/2025,15.1,13.0,0.0
53405,2,20/09/2025,11.6,8.9,5.9
53405,2,22/10/2025,10.6,10.9,0.0
53405,2,15/11/2025,13.2,9.5,4.0
53405,2,10/12/2025,10.3,12.1,0.0
53411,1,15/07/2025,18.8,13.2,6.7
53411,1,15/08/2025,19.3,15.1,0.0
53411,1,20/09/2025,21.3,15.2,7.1
53411,1,22/10/2025,21.2,14.0,0.0
53411,1,15/11/2025,15.6,11.2,5.8
53411,1,10/12/2025,11.6,11.9,0.0
53415,3,15/07/2025,11.9,9.5,5.6
53415,3,15/08/2025,11.9,11.8,0.0
53415,3,20/09/2025,11.1,11.8,6.8
53415,3,22/10/2025,16.0,13.0,0.0
53415,3,15/11/2025,14.6,9.2,6.5
53415,3,10/12/2025,11.1,11.7,0.0
53416,3,15/07/2025,14.1,11.1,5.5
53416,3,15/08/2025,15.7,9.5,0.0
53416,3,20/09/2025,12.9,7.0,4.2
53416,3,22/10/2025,9.9,12.6,0.0
53416,3,15/11/2025,13.1,9.3,3.7
53416,3,10/12/2025,7.0,9.8,0.0
53424,3,15/07/2025,15.6,13.2,4.8
53424,3,15/08/2025,11.8,14.5,0.0
53424,3,20/09/2025,12.4,11.0,6.0
53424,3,22/10/2025,11.3,12.3,0.0
53424,3,15/11/2025,16.3,8.4,4.5
53424,3,10/12/2025,9.2,9.6,0.0
53436,1,15/07/2025,16.3,14.8,6.6
53436,1,15/08/2025,23.3,16.6,0.0
53436,1,20/09/2025,17.1,14.8,6.4
53436,1,22/10/2025,17.1,16.5,0.0
53436,1,15/11/2025,13.9,9.9,6.9
53436,1,10/12/2025,21.0,10.4,0.0
53442,3,15/07/2025,19.5,12.4,5.7
53442,3,15/08/2025,12.0,11.2,0.0
53442,3,20/09/2025,11.1,11.3,6.9
53442,3,22/10/2025,12.1,10.0,0.0
53442,3,15/11/2025,13.8,7.2,6.9
53442,3,10/12/2025,8.2,9.7,0.0
53462,4,15/07/2025,13.5,13.9,5.6
53462,4,15/08/2025,15.2,13.9,0.0
53462,4,20/09/2025,12.9,7.3,6.6
53462,4,22/10/2025,13.4,14.3,0.0
53462,4,15/11/2025,13.0,8.9,5.0
53462,4,10/12/2025,9.8,8.4,0.0
53464,1,15/07/2025,16.4,14.3,5.9
53464,1,15/08/2025,21.1,17.6,0.0
53464,1,20/09/2025,16.1,14.1,7.6
53464,1,22/10/2025,14.9,12.9,0.0
53464,1,15/11/2025,15.0,7.7,7.8
53464,1,10/12/2025,15.7,12.5,0.0
53474,2,15/07/2025,13.6,14.3,7.6
53474,2,15/08/2025,15.2,13.4,0.0
53474,2,20/09/2025,14.8,11.5,6.7
53474,2,22/10/2025,13.2,10.5,0.0
53474,2,15/11/2025,14.3,11.3,3.9
53474,2,10/12/2025,13.0,7.3,0.0
53476,2,15/07/2025,12.4,12.5,6.1
53476,2,15/08/2025,11.2,14.6,0.0
53476,2,20/09/2025,13.4,11.3,6.1
53476,2,22/10/2025,13.3,10.5,0.0
53476,2,15/11/2025,12.1,7.0,6.1
53476,2,10/12/2025,9.2,8.2,0.0
53481,2,15/07/2025,14.7,10.8,7.0
53481,2,15/08/2025,13.4,10.1,0.0
53481,2,20/09/2025,10.4,12.0,5.9
53481,2,22/10/2025,11.1,8.6,0.0
53481,2,15/11/2025,10.5,10.5,4.2
53481,2,10/12/2025,7.0,10.9,0.0
53486,1,15/07/2025,15.9,11.8,6.6
53486,1,15/08/2025,15.9,16.1,0.0
53486,1,20/09/2025,17.5,14.4,8.3
53486,1,22/10/2025,14.9,14.6,0.0
53486,1,15/11/2025,17.8,12.3,5.2
53486,1,10/12/2025,14.0,7.9,0.0
53491,2,15/07/2025,12.5,9.1,7.1
53491,2,15/08/2025,12.5,10.8,0.0
53491,2,20/09/2025,14.4,11.7,7.5
53491,2,22/10/2025,11.9,11.3,0.0
53491,2,15/11/2025,11.9,9.1,5.8
53491,2,10/12/2025,11.6,7.0,0.0
53492,1,15/07/2025,17.0,14.7,8.1
53492,1,15/08/2025,17.0,12.3,0.0
53492,1,20/09/2025,20.6,14.4,7.7
53492,1,22/10/2025,18.2,14.5,0.0
53492,1,15/11/2025,15.8,10.6,5.4
53492,1,10/12/2025,14.4,11.3,0.0
53496,2,15/07/2025,13.1,11.4,7.2
53496,2,15/08/2025,16.7,14.1,0.0
53496,2,20/09/2025,14.4,9.7,7.7
53496,2,22/10/2025,12.8,12.2,0.0
53496,2,15/11/2025,15.1,10.3,4.7
53496,2,10/12/2025,12.5,13.8,0.0
53499,3,15/07/2025,14.2,11.8,6.9
53499,3,15/08/2025,13.8,13.0,0.0
53499,3,20/09/2025,13.2,10.5,4.8
53499,3,22/10/2025,11.0,9.6,0.0
53499,3,15/11/2025,7.0,10.8,4.8
53499,3,10/12/2025,13.8,9.7,0.0
53504,2,15/07/2025,13.6,10.6,5.9
53504,2,15/08/2025,15.3,11.7,0.0
53504,2,20/09/2025,12.4,8.1,5.4
53504,2,22/10/2025,14.6,9.6,0.0
53504,2,15/11/2025,10.6,10.4,5.5
53504,2,10/12/2025,13.2,11.5,0.0
53509,4,15/07/2025,12.8,11.3,6.9
53509,4,15/08/2025,10.9,9.0,0.0
53509,4,20/09/2025,13.8,11.9,5.4
53509,4,22/10/2025,13.9,12.4,0.0
53509,4,15/11/2025,10.6,9.7,6.9
53509,4,10/12/2025,12.6,10.8,0.0
53511,1,15/07/2025,19.3,15.6,6.5
53511,1,15/08/2025,16.1,15.5,0.0
53511,1,20/09/2025,16.6,10.2,7.1
53511,1,22/10/2025,18.9,12.1,0.0
53511,1,15/11/2025,15.4,10.1,5.1
53511,1,10/12/2025,13.8,11.1,0.0
53516,2,15/07/2025,14.2,15.5,5.2
53516,2,15/08/2025,13.0,12.0,0.0
53516,2,20/09/2025,14.1,13.2,5.0
53516,2,22/10/2025,17.3,12.6,0.0
53516,2,15/11/2025,11.5,15.0,4.9
53516,2,10/12/2025,11.8,7.0,0.0
53517,3,15/07/2025,12.6,11.1,6.8
53517,3,15/08/2025,12.1,12.7,0.0
53517,3,20/09/2025,16.3,10.9,6.0
53517,3,22/10/2025,10.8,7.0,0.0
53517,3,15/11/2025,12.9,8.9,5.7
53517,3,10/12/2025,10.8,7.9,0.0
53518,1,15/07/2025,21.2,11.6,7.4
53518,1,15/08/2025,21.0,15.3,0.0
53518,1,20/09/2025,16.5,9.4,6.8
53518,1,22/10/2025,18.3,17.4,0.0
53518,1,15/11/2025,13.2,11.7,7.0
53518,1,10/12/2025,14.5,10.1,0.0
53523,1,15/07/2025,14.8,16.9,7.7
53523,1,15/08/2025,13.7,16.4,0.0
53523,1,20/09/2025,18.5,16.6,5.5
53523,1,22/10/2025,20.5,14.5,0.0
53523,1,15/11/2025,15.6,10.7,4.3
53523,1,10/12/2025,11.6,13.1,0.0
53525,1,15/07/2025,19.3,14.8,5.7
53525,1,15/08/2025,20.1,14.2,0.0
53525,1,20/09/2025,14.4,12.8,6.3
53525,1,22/10/2025,17.2,12.9,0.0
53525,1,15/11/2025,13.4,13.7,3.7
53525,1,10/12/2025,15.5,11.1,0.0
53526,1,15/07/2025,19.0,14.0,8.5
53526,1,15/08/2025,18.3,14.7,0.0
53526,1,20/09/2025,20.8,12.4,6.3
53526,1,22/10/2025,18.7,11.5,0.0
53526,1,15/11/2025,13.8,14.1,5.6
53526,1,10/12/2025,11.8,14.8,0.0
53533,1,15/07/2025,16.3,17.2,7.2
53533,1,15/08/2025,20.9,16.4,0.0
53533,1,20/09/2025,15.5,17.8,7.4
53533,1,22/10/2025,17.6,10.9,0.0
53533,1,15/11/2025,15.0,12.7,6.1
53533,1,10/12/2025,15.7,10.9,0.0
53539,4,15/07/2025,13.9,10.0,5.1
53539,4,15/08/2025,14.1,13.4,0.0
53539,4,20/09/2025,15.2,9.7,4.6
53539,4,22/10/2025,13.3,12.5,0.0
53539,4,15/11/2025,11.7,8.2,5.2
53539,4,10/12/2025,10.5,8.4,0.0
53554,2,15/07/2025,12.1,13.9,5.6
53554,2,15/08/2025,14.2,11.3,0.0
53554,2,20/09/2025,15.1,7.5,6.0
53554,2,22/10/2025,18.1,10.7,0.0
53554,2,15/11/2025,10.3,10.6,4.1
53554,2,10/12/2025,12.9,7.3,0.0
53559,1,15/07/2025,15.4,11.9,7.0
53559,1,15/08/2025,17.2,16.7,0.0
53559,1,20/09/2025,18.8,13.2,6.7
53559,1,22/10/2025,20.3,14.3,0.0
53559,1,15/11/2025,15.2,14.2,7.0
53559,1,10/12/2025,8.9,13.6,0.0
53560,4,15/07/2025,13.6,12.2,7.1
53560,4,15/08/2025,13.5,12.1,0.0
53560,4,20/09/2025,12.8,9.3,6.2
53560,4,22/10/2025,13.7,7.0,0.0
53560,4,15/11/2025,11.3,10.0,3.8
53560,4,10/12/2025,15.0,8.5,0.0
53562,1,15/07/2025,19.8,14.5,7.2
53562,1,15/08/2025,20.9,12.6,0.0
53562,1,20/09/2025,15.9,16.2,8.7
53562,1,22/10/2025,15.5,13.2,0.0
53562,1,15/11/2025,17.1,12.1,7.6
53562,1,10/12/2025,12.5,12.1,0.0
53571,1,15/07/2025,15.7,17.5,8.7
53571,1,15/08/2025,17.2,14.6,0.0
53571,1,20/09/2025,19.3,13.3,7.0
53571,1,22/10/2025,17.4,13.7,0.0
53571,1,15/11/2025,13.9,13.2,7.4
53571,1,10/12/2025,14.7,11.0,0.0
53578,2,15/07/2025,12.4,12.6,4.3
53578,2,15/08/2025,17.8,9.3,0.0
53578,2,20/09/2025,17.6,9.6,5.2
53578,2,22/10/2025,13.3,7.0,0.0
53578,2,15/11/2025,11.2,9.0,5.4
53578,2,10/12/2025,9.3,10.7,0.0
53579,1,15/07/2025,14.4,14.4,6.8
53579,1,15/08/2025,16.5,17.0,0.0
53579,1,20/09/2025,18.7,13.9,7.0
53579,1,22/10/2025,18.2,12.6,0.0
53579,1,15/11/2025,15.3,12.4,4.7
53579,1,10/12/2025,16.4,13.0,0.0
53580,4,15/07/2025,21.3,10.9,5.1
53580,4,15/08/2025,14.5,15.6,0.0
53580,4,20/09/2025,15.1,10.0,6.1
53580,4,22/10/2025,10.8,9.1,0.0
53580,4,15/11/2025,12.0,7.0,5.7
53580,4,10/12/2025,11.4,9.1,0.0
53584,1,15/07/2025,14.6,11.2,6.5
53584,1,15/08/2025,17.2,15.9,0.0
53584,1,20/09/2025,20.6,16.0,6.6
53584,1,22/10/2025,19.1,9.0,0.0
53584,1,15/11/2025,14.0,12.6,6.8
53584,1,10/12/2025,14.3,13.2,0.0
53596,1,15/07/2025,19.7,16.7,7.4
53596,1,15/08/2025,16.6,13.0,0.0
53596,1,20/09/2025,18.4,15.8,8.2
53596,1,22/10/2025,17.7,13.2,0.0
53596,1,15/11/2025,17.4,9.6,4.1
53596,1,10/12/2025,15.9,10.0,0.0
53597,3,15/07/2025,10.1,8.3,4.7
53597,3,15/08/2025,16.6,9.7,0.0
53597,3,20/09/2025,14.8,13.0,3.4
53597,3,22/10/2025,10.0,11.1,0.0
53597,3,15/11/2025,11.1,10.0,4.5
53597,3,10/12/2025,17.6,7.9,0.0
53600,1,15/07/2025,18.4,16.8,6.1
53600,1,15/08/2025,17.4,16.0,0.0
53600,1,20/09/2025,16.7,14.8,6.1
53600,1,22/10/2025,16.2,13.2,0.0
53600,1,15/11/2025,17.5,12.0,6.3
53600,1,10/12/2025,13.9,9.9,0.0
53603,2,15/07/2025,14.7,13.0,5.7
53603,2,15/08/2025,17.6,11.6,0.0
53603,2,20/09/2025,10.6,12.3,5.2
53603,2,22/10/2025,12.5,9.1,0.0
53603,2,15/11/2025,14.0,9.9,6.4
53603,2,10/12/2025,9.2,7.6,0.0
53607,2,15/07/2025,17.0,12.3,6.2
53607,2,15/08/2025,13.2,14.7,0.0
53607,2,20/09/2025,14.4,11.1,5.0
53607,2,22/10/2025,12.2,12.5,0.0
53607,2,15/11/2025,11.1,7.5,5.6
53607,2,10/12/2025,11.4,7.0,0.0
53611,1,15/07/2025,17.5,12.1,6.7
53611,1,15/08/2025,20.1,13.1,0.0
53611,1,20/09/2025,20.2,13.1,6.5
53611,1,22/10/2025,17.9,13.5,0.0
53611,1,15/11/2025,12.4,12.5,6.4
53611,1,10/12/2025,13.3,10.8,0.0
53615,1,15/07/2025,18.3,13.1,6.3
53615,1,15/08/2025,16.8,14.7,0.0
53615,1,20/09/2025,20.1,15.8,8.1
53615,1,22/10/2025,17.1,12.9,0.0
53615,1,15/11/2025,12.8,15.1,5.6
53615,1,10/12/2025,20.1,15.8,0.0
53619,2,15/07/2025,12.3,9.6,6.5
53619,2,15/08/2025,13.9,11.3,0.0
53619,2,20/09/2025,12.8,10.8,6.5
53619,2,22/10/2025,13.8,8.9,0.0
53619,2,15/11/2025,11.5,11.3,5.2
53619,2,10/12/2025,10.0,10.2,0.0
53622,1,15/07/2025,21.2,10.7,8.3
53622,1,15/08/2025,17.5,10.8,0.0
53622,1,20/09/2025,15.2,15.0,6.6
53622,1,22/10/2025,15.9,13.9,0.0
53622,1,15/11/2025,15.3,14.9,5.4
53622,1,10/12/2025,13.1,14.8,0.0
53623,1,15/07/2025,18.9,17.9,7.4
53623,1,15/08/2025,15.3,17.8,0.0
53623,1,20/09/2025,16.5,16.0,6.0
53623,1,22/10/2025,16.2,14.5,0.0
53623,1,15/11/2025,17.0,12.6,7.1
53623,1,10/12/2025,14.9,16.1,0.0
53638,1,15/07/2025,16.9,14.9,7.2
53638,1,15/08/2025,20.3,15.2,0.0
53638,1,20/09/2025,13.6,14.9,8.2
53638,1,22/10/2025,17.9,13.1,0.0
53638,1,15/11/2025,14.1,11.3,6.1
53638,1,10/12/2025,14.7,11.7,0.0
53639,1,15/07/2025,16.5,14.5,5.7
53639,1,15/08/2025,18.6,16.8,0.0
53639,1,20/09/2025,17.8,18.9,9.6
53639,1,22/10/2025,19.1,16.8,0.0
53639,1,15/11/2025,14.4,12.8,7.4
53639,1,10/12/2025,13.3,7.3,0.0
53641,2,15/07/2025,15.7,12.4,6.3
53641,2,15/08/2025,13.5,11.5,0.0
53641,2,20/09/2025,15.3,12.3,3.2
53641,2,22/10/2025,14.9,13.9,0.0
53641,2,15/11/2025,9.2,13.7,4.8
53641,2,10/12/2025,10.9,8.1,0.0
53659,1,15/07/2025,21.0,12.2,7.4
53659,1,15/08/2025,16.0,18.7,0.0
53659,1,20/09/2025,18.7,16.7,6.3
53659,1,22/10/2025,16.2,16.0,0.0
53659,1,15/11/2025,13.4,12.0,4.4
53659,1,10/12/2025,18.6,10.1,0.0
53661,1,15/07/2025,21.0,13.4,6.6
53661,1,15/08/2025,17.9,15.9,0.0
53661,1,20/09/2025,15.4,16.4,6.9
53661,1,22/10/2025,15.9,12.8,0.0
53661,1,15/11/2025,16.8,13.3,5.6
53661,1,10/12/2025,13.4,15.1,0.0
53662,1,15/07/2025,20.6,12.5,7.2
53662,1,15/08/2025,18.0,15.2,0.0
53662,1,20/09/2025,19.9,13.9,6.6
53662,1,22/10/2025,17.0,12.1,0.0
53662,1,15/11/2025,13.2,10.6,6.0
53662,1,10/12/2025,14.2,12.8,0.0
53663,1,15/07/2025,19.8,14.4,7.2
53663,1,15/08/2025,16.8,13.9,0.0
53663,1,20/09/2025,22.1,13.5,7.4
53663,1,22/10/2025,19.3,13.8,0.0
53663,1,15/11/2025,16.1,12.3,5.8
53663,1,10/12/2025,14.5,9.1,0.0
53665,1,15/07/2025,15.8,14.7,8.3
53665,1,15/08/2025,19.5,17.8,0.0
53665,1,20/09/2025,19.0,16.4,8.3
53665,1,22/10/2025,17.0,10.9,0.0
53665,1,15/11/2025,16.7,10.5,9.6
53665,1,10/12/2025,19.5,10.1,0.0
53671,2,15/07/2025,15.2,8.3,4.4
53671,2,15/08/2025,13.3,10.6,0.0
53671,2,20/09/2025,13.2,9.0,5.3
53671,2,22/10/2025,12.8,9.4,0.0
53671,2,15/11/2025,14.1,7.0,6.0
53671,2,10/12/2025,10.5,7.0,0.0
53672,2,15/07/2025,13.1,11.0,4.2
53672,2,15/08/2025,12.9,11.7,0.0
53672,2,20/09/2025,11.1,7.8,6.1
53672,2,22/10/2025,11.6,11.0,0.0
53672,2,15/11/2025,8.8,11.2,5.5
53672,2,10/12/2025,14.1,7.0,0.0
53694,1,15/07/2025,14.7,14.0,8.4
53694,1,15/08/2025,16.6,14.1,0.0
53694,1,20/09/2025,20.7,13.6,4.6
53694,1,22/10/2025,17.6,14.2,0.0
53694,1,15/11/2025,16.6,11.3,6.1
53694,1,10/12/2025,14.5,10.7,0.0
53699,1,15/07/2025,17.6,15.6,8.7
53699,1,15/08/2025,20.1,15.2,0.0
53699,1,20/09/2025,17.2,10.3,7.1
53699,1,22/10/2025,15.8,14.4,0.0
53699,1,15/11/2025,13.1,11.3,6.0
53699,1,10/12/2025,15.0,11.6,0.0
53720,1,15/07/2025,19.9,14.2,7.2
53720,1,15/08/2025,18.0,16.0,0.0
53720,1,20/09/2025,15.8,16.2,6.8
53720,1,22/10/2025,17.7,14.5,0.0
53720,1,15/11/2025,18.8,13.8,5.2
53720,1,10/12/2025,10.6,12.5,0.0
53736,1,15/07/2025,19.2,13.1,8.4
53736,1,15/08/2025,18.0,12.5,0.0
53736,1,20/09/2025,12.0,14.9,8.1
53736,1,22/10/2025,17.0,15.6,0.0
53736,1,15/11/2025,14.4,10.3,7.3
53736,1,10/12/2025,13.8,10.0,0.0
53756,3,15/07/2025,13.5,11.4,6.9
53756,3,15/08/2025,18.0,11.1,0.0
53756,3,20/09/2025,12.8,10.2,7.0
53756,3,22/10/2025,14.1,10.6,0.0
53756,3,15/11/2025,14.3,9.5,4.3
53756,3,10/12/2025,11.0,11.5,0.0
53772,3,15/07/2025,15.1,12.3,5.5
53772,3,15/08/2025,15.5,7.9,0.0
53772,3,20/09/2025,13.8,11.6,6.5
53772,3,22/10/2025,15.6,11.5,0.0
53772,3,15/11/2025,13.1,12.2,5.9
53772,3,10/12/2025,11.6,10.6,0.0
53773,1,15/07/2025,19.1,15.0,5.9
53773,1,15/08/2025,16.0,13.3,0.0
53773,1,20/09/2025,15.8,12.1,7.0
53773,1,22/10/2025,17.1,12.6,0.0
53773,1,15/11/2025,14.7,12.3,6.3
53773,1,10/12/2025,13.4,10.1,0.0
53780,3,15/07/2025,13.8,11.3,6.3
53780,3,15/08/2025,15.9,12.8,0.0
53780,3,20/09/2025,14.8,10.8,6.2
53780,3,22/10/2025,11.3,11.7,0.0
53780,3,15/11/2025,11.2,7.0,6.3
53780,3,10/12/2025,9.4,9.1,0.0
53787,3,15/07/2025,17.1,8.7,5.8
53787,3,15/08/2025,13.3,7.9,0.0
53787,3,20/09/2025,12.8,11.3,7.2
53787,3,22/10/2025,12.0,9.7,0.0
53787,3,15/11/2025,11.1,9.5,5.1
53787,3,10/12/2025,13.4,8.3,0.0
53790,3,15/07/2025,14.5,14.7,8.0
53790,3,15/08/2025,9.8,12.3,0.0
53790,3,20/09/2025,13.8,13.2,6.0
53790,3,22/10/2025,12.9,8.0,0.0
53790,3,15/11/2025,9.4,9.2,6.8
53790,3,10/12/2025,11.4,10.1,0.0
53795,2,15/07/2025,14.2,12.0,6.7
53795,2,15/08/2025,15.9,12.5,0.0
53795,2,20/09/2025,14.6,8.2,6.4
53795,2,22/10/2025,14.6,9.1,0.0
53795,2,15/11/2025,7.0,10.0,3.9
53795,2,10/12/2025,10.8,10.6,0.0
53800,1,15/07/2025,17.7,15.5,8.1
53800,1,15/08/2025,15.8,11.3,0.0
53800,1,20/09/2025,16.5,12.5,6.3
53800,1,22/10/2025,15.9,15.0,0.0
53800,1,15/11/2025,15.5,11.8,5.1
53800,1,10/12/2025,16.4,11.1,0.0
53810,3,15/07/2025,12.8,11.9,6.9
53810,3,15/08/2025,13.0,12.0,0.0
53810,3,20/09/2025,16.4,11.9,4.8
53810,3,22/10/2025,12.0,11.7,0.0
53810,3,15/11/2025,13.5,8.9,5.2
53810,3,10/12/2025,8.6,9.3,0.0
53817,3,15/07/2025,10.5,8.6,5.6
53817,3,15/08/2025,14.1,10.1,0.0
53817,3,20/09/2025,15.2,13.0,5.0
53817,3,22/10/2025,11.1,10.1,0.0
53817,3,15/11/2025,10.4,7.0,5.9
53817,3,10/12/2025,10.2,9.7,0.0
53818,3,15/07/2025,14.8,12.2,5.7
53818,3,15/08/2025,15.6,11.5,0.0
53818,3,20/09/2025,10.0,15.9,4.3
53818,3,22/10/2025,13.4,7.4,0.0
53818,3,15/11/2025,12.0,7.0,5.2
53818,3,10/12/2025,8.6,9.8,0.0
53822,3,15/07/2025,9.9,11.6,5.5
53822,3,15/08/2025,17.7,11.1,0.0
53822,3,20/09/2025,13.9,11.5,6.0
53822,3,22/10/2025,14.8,10.0,0.0
53822,3,15/11/2025,8.2,7.0,5.7
53822,3,10/12/2025,10.5,10.0,0.0
53829,3,15/07/2025,14.8,14.3,6.7
53829,3,15/08/2025,14.3,9.3,0.0
53829,3,20/09/2025,15.1,10.6,6.2
53829,3,22/10/2025,13.5,9.6,0.0
53829,3,15/11/2025,13.1,8.7,6.2
53829,3,10/12/2025,10.5,8.9,0.0
53832,3,15/07/2025,14.1,8.7,6.3
53832,3,15/08/2025,14.7,10.2,0.0
53832,3,20/09/2025,15.7,9.3,4.9
53832,3,22/10/2025,15.4,14.0,0.0
53832,3,15/11/2025,12.0,8.6,4.7
53832,3,10/12/2025,11.0,9.0,0.0
53839,2,15/07/2025,13.0,11.1,5.6
53839,2,15/08/2025,16.2,11.5,0.0
53839,2,20/09/2025,14.1,9.5,5.8
53839,2,22/10/2025,11.4,10.7,0.0
53839,2,15/11/2025,11.8,7.3,3.9
53839,2,10/12/2025,10.4,10.1,0.0
53843,3,15/07/2025,13.5,12.0,5.0
53843,3,15/08/2025,12.6,9.4,0.0
53843,3,20/09/2025,15.3,8.6,5.2
53843,3,22/10/2025,13.1,12.8,0.0
53843,3,15/11/2025,11.0,11.8,4.3
53843,3,10/12/2025,15.4,8.0,0.0
53844,3,15/07/2025,12.9,9.6,6.1
53844,3,15/08/2025,17.4,12.3,0.0
53844,3,20/09/2025,12.6,10.6,4.4
53844,3,22/10/2025,9.7,7.0,0.0
53844,3,15/11/2025,12.3,9.8,4.4
53844,3,10/12/2025,14.0,9.8,0.0
53852,2,15/07/2025,15.0,8.5,4.4
53852,2,15/08/2025,15.4,11.2,0.0
53852,2,20/09/2025,9.9,14.6,7.2
53852,2,22/10/2025,16.2,13.0,0.0
53852,2,15/11/2025,14.2,10.2,3.0
53852,2,10/12/2025,8.8,7.0,0.0
53856,2,15/07/2025,12.7,12.8,3.9
53856,2,15/08/2025,16.2,9.7,0.0
53856,2,20/09/2025,13.1,11.8,4.8
53856,2,22/10/2025,11.9,10.8,0.0
53856,2,15/11/2025,12.8,7.4,4.7
53856,2,10/12/2025,13.0,8.9,0.0
53857,2,15/07/2025,12.9,17.2,6.3
53857,2,15/08/2025,15.1,10.8,0.0
53857,2,20/09/2025,14.5,11.0,5.2
53857,2,22/10/2025,12.7,7.7,0.0
53857,2,15/11/2025,9.5,10.9,4.1
53857,2,10/12/2025,12.3,7.8,0.0
53865,3,15/07/2025,13.5,15.3,5.7
53865,3,15/08/2025,14.0,7.6,0.0
53865,3,20/09/2025,12.7,11.2,3.4
53865,3,22/10/2025,13.3,10.1,0.0
53865,3,15/11/2025,12.2,10.1,5.4
53865,3,10/12/2025,14.0,9.3,0.0
53868,3,15/07/2025,16.0,12.0,4.9
53868,3,15/08/2025,18.1,9.4,0.0
53868,3,20/09/2025,14.8,12.4,5.8
53868,3,22/10/2025,11.1,13.1,0.0
53868,3,15/11/2025,11.9,10.6,5.2
53868,3,10/12/2025,11.0,7.7,0.0
53870,3,15/07/2025,16.8,11.0,7.4
53870,3,15/08/2025,11.8,11.8,0.0
53870,3,20/09/2025,13.8,15.2,5.6
53870,3,22/10/2025,10.7,12.2,0.0
53870,3,15/11/2025,14.7,7.6,5.4
53870,3,10/12/2025,13.0,10.6,0.0
53878,1,15/07/2025,18.5,10.3,7.6
53878,1,15/08/2025,17.4,13.0,0.0
53878,1,20/09/2025,22.5,12.9,5.3
53878,1,22/10/2025,17.0,12.1,0.0
53878,1,15/11/2025,14.7,12.0,5.7
53878,1,10/12/2025,12.8,11.9,0.0
54026,1,15/07/2025,19.2,13.7,6.8
54026,1,15/08/2025,19.9,16.1,0.0
54026,1,20/09/2025,17.0,10.3,8.3
54026,1,22/10/2025,19.0,12.5,0.0
54026,1,15/11/2025,13.0,14.1,7.2
54026,1,10/12/2025,12.8,10.6,0.0
54045,1,15/07/2025,17.0,16.7,6.4
54045,1,15/08/2025,15.1,15.2,0.0
54045,1,20/09/2025,17.4,12.8,8.8
54045,1,22/10/2025,16.8,10.0,0.0
54045,1,15/11/2025,15.0,14.2,6.6
54045,1,10/12/2025,13.9,11.5,0.0
54070,1,15/07/2025,19.0,12.4,6.0
54070,1,15/08/2025,16.0,14.0,0.0
54070,1,20/09/2025,17.3,16.7,8.3
54070,1,22/10/2025,18.2,8.4,0.0
54070,1,15/11/2025,12.0,9.9,7.1
54070,1,10/12/2025,12.0,10.0,0.0
13123,1,15/07/2025,17.9,14.9,4.5
13123,1,15/08/2025,19.6,13.9,0.0
13123,1,20/09/2025,16.1,15.0,7.2
13123,1,22/10/2025,14.9,14.9,0.0
13123,1,15/11/2025,12.7,9.8,5.2
13123,1,10/12/2025,12.7,14.5,0.0
13149,1,15/07/2025,19.5,17.3,8.5
13149,1,15/08/2025,18.8,16.9,0.0
13149,1,20/09/2025,18.5,14.2,6.4
13149,1,22/10/2025,14.5,10.3,0.0
13149,1,15/11/2025,16.6,9.3,6.5
13149,1,10/12/2025,11.7,11.5,0.0
52533,1,15/07/2025,14.5,15.0,7.8
52533,1,15/08/2025,18.4,14.7,0.0
52533,1,20/09/2025,14.2,14.6,7.1
52533,1,22/10/2025,13.5,11.0,0.0
52533,1,15/11/2025,16.3,15.4,6.0
52533,1,10/12/2025,16.8,11.7,0.0
52644,2,15/07/2025,14.1,12.2,5.3
52644,2,15/08/2025,11.2,14.2,0.0
52644,2,20/09/2025,14.2,11.7,5.5
52644,2,22/10/2025,13.4,11.3,0.0
52644,2,15/11/2025,15.3,9.2,4.4
52644,2,10/12/2025,11.1,7.9,0.0
52786,1,15/07/2025,18.5,15.8,4.9
52786,1,15/08/2025,22.6,15.7,0.0
52786,1,20/09/2025,18.3,13.8,8.2
52786,1,22/10/2025,16.6,16.2,0.0
52786,1,15/11/2025,13.7,10.5,5.6
52786,1,10/12/2025,15.5,8.6,0.0
52922,1,15/07/2025,17.7,15.4,7.4
52922,1,15/08/2025,17.6,13.6,0.0
52922,1,20/09/2025,22.0,12.2,7.3
52922,1,22/10/2025,11.9,16.4,0.0
52922,1,15/11/2025,17.6,12.4,5.9
52922,1,10/12/2025,15.3,12.5,0.0
52963,1,15/07/2025,15.3,17.2,8.7
52963,1,15/08/2025,17.6,18.5,0.0
52963,1,20/09/2025,13.6,13.1,7.3
52963,1,22/10/2025,16.2,14.6,0.0
52963,1,15/11/2025,15.3,10.7,7.9
52963,1,10/12/2025,15.9,9.2,0.0
53149,4,15/07/2025,10.8,10.4,5.0
53149,4,15/08/2025,17.2,12.7,0.0
53149,4,20/09/2025,15.2,11.5,4.2
53149,4,22/10/2025,11.3,11.9,0.0
53149,4,15/11/2025,10.9,7.1,3.7
53149,4,10/12/2025,12.1,7.0,0.0
53250,1,15/07/2025,16.7,15.6,7.0
53250,1,15/08/2025,14.6,20.0,0.0
53250,1,20/09/2025,15.9,15.9,6.4
53250,1,22/10/2025,21.0,10.7,0.0
53250,1,15/11/2025,15.8,16.1,6.1
53250,1,10/12/2025,15.8,12.7,0.0
53256,1,15/07/2025,17.2,15.7,8.7
53256,1,15/08/2025,19.5,18.8,0.0
53256,1,20/09/2025,15.6,12.7,5.4
53256,1,22/10/2025,18.8,14.0,0.0
53256,1,15/11/2025,12.1,10.2,7.9
53256,1,10/12/2025,14.5,11.9,0.0
53276,1,15/07/2025,15.7,10.5,7.3
53276,1,15/08/2025,16.1,15.0,0.0
53276,1,20/09/2025,13.8,12.0,7.2
53276,1,22/10/2025,19.3,18.1,0.0
53276,1,15/11/2025,16.2,14.9,7.4
53276,1,10/12/2025,13.7,12.0,0.0
53336,1,15/07/2025,20.8,16.1,8.0
53336,1,15/08/2025,19.2,17.2,0.0
53336,1,20/09/2025,19.3,15.7,7.6
53336,1,22/10/2025,17.3,12.8,0.0
53336,1,15/11/2025,16.1,13.5,6.6
53336,1,10/12/2025,15.6,9.1,0.0
53399,1,15/07/2025,18.9,15.6,6.9
53399,1,15/08/2025,19.8,13.8,0.0
53399,1,20/09/2025,18.7,13.4,9.4
53399,1,22/10/2025,16.9,13.9,0.0
53399,1,15/11/2025,14.6,13.9,4.3
53399,1,10/12/2025,16.4,12.2,0.0
53456,1,15/07/2025,20.9,11.7,9.9
53456,1,15/08/2025,15.5,14.8,0.0
53456,1,20/09/2025,17.4,16.2,7.9
53456,1,22/10/2025,14.2,15.5,0.0
53456,1,15/11/2025,17.8,15.5,6.6
53456,1,10/12/2025,13.4,8.5,0.0
53459,1,15/07/2025,23.8,14.8,6.9
53459,1,15/08/2025,20.2,14.2,0.0
53459,1,20/09/2025,15.9,13.1,9.1
53459,1,22/10/2025,17.3,13.7,0.0
53459,1,15/11/2025,11.7,12.9,7.9
53459,1,10/12/2025,15.3,11.4,0.0
53463,2,15/07/2025,15.0,12.7,4.8
53463,2,15/08/2025,15.8,12.5,0.0
53463,2,20/09/2025,13.4,11.3,5.7
53463,2,22/10/2025,14.3,7.3,0.0
53463,2,15/11/2025,9.1,9.6,7.2
53463,2,10/12/2025,11.9,7.8,0.0
53471,1,15/07/2025,14.4,13.2,6.8
53471,1,15/08/2025,18.6,14.4,0.0
53471,1,20/09/2025,20.3,15.7,7.9
53471,1,22/10/2025,16.5,13.7,0.0
53471,1,15/11/2025,15.0,12.5,8.1
53471,1,10/12/2025,14.9,15.5,0.0
53498,1,15/07/2025,18.7,11.9,5.6
53498,1,15/08/2025,16.8,15.2,0.0
53498,1,20/09/2025,18.9,13.1,7.6
53498,1,22/10/2025,18.2,15.2,0.0
53498,1,15/11/2025,15.5,12.0,7.7
53498,1,10/12/2025,13.4,12.9,0.0
53500,3,15/07/2025,15.8,10.3,7.6
53500,3,15/08/2025,14.4,11.7,0.0
53500,3,20/09/2025,17.6,7.0,5.8
53500,3,22/10/2025,13.8,9.5,0.0
53500,3,15/11/2025,12.9,7.5,5.0
53500,3,10/12/2025,10.4,11.8,0.0
53564,2,15/07/2025,15.4,11.7,6.5
53564,2,15/08/2025,14.3,14.1,0.0
53564,2,20/09/2025,14.3,10.6,6.5
53564,2,22/10/2025,12.4,8.2,0.0
53564,2,15/11/2025,12.4,9.1,5.6
53564,2,10/12/2025,10.3,7.0,0.0
53605,2,15/07/2025,13.6,16.0,4.1
53605,2,15/08/2025,15.7,11.7,0.0
53605,2,20/09/2025,9.8,11.6,6.0
53605,2,22/10/2025,12.0,7.0,0.0
53605,2,15/11/2025,11.1,9.9,3.8
53605,2,10/12/2025,10.5,11.0,0.0
53606,1,15/07/2025,19.9,17.0,6.9
53606,1,15/08/2025,19.4,11.5,0.0
53606,1,20/09/2025,17.8,18.4,6.0
53606,1,22/10/2025,20.7,11.1,0.0
53606,1,15/11/2025,13.5,12.1,4.6
53606,1,10/12/2025,16.0,10.9,0.0
53609,2,15/07/2025,15.7,10.5,6.3
53609,2,15/08/2025,13.8,10.0,0.0
53609,2,20/09/2025,11.6,10.7,6.2
53609,2,22/10/2025,12.4,7.9,0.0
53609,2,15/11/2025,8.8,11.9,4.3
53609,2,10/12/2025,7.0,10.1,0.0
53610,2,15/07/2025,13.9,10.6,6.9
53610,2,15/08/2025,12.1,11.5,0.0
53610,2,20/09/2025,15.7,12.5,6.4
53610,2,22/10/2025,12.5,12.8,0.0
53610,2,15/11/2025,8.7,7.0,3.8
53610,2,10/12/2025,11.1,7.0,0.0
53624,1,15/07/2025,18.2,11.5,8.5
53624,1,15/08/2025,21.0,14.0,0.0
53624,1,20/09/2025,15.2,14.8,8.4
53624,1,22/10/2025,15.4,13.1,0.0
53624,1,15/11/2025,17.9,12.9,5.6
53624,1,10/12/2025,14.4,9.2,0.0
53640,1,15/07/2025,17.1,14.7,8.2
53640,1,15/08/2025,15.1,11.8,0.0
53640,1,20/09/2025,17.5,14.0,7.5
53640,1,22/10/2025,19.6,14.9,0.0
53640,1,15/11/2025,14.8,11.9,6.7
53640,1,10/12/2025,13.4,11.5,0.0
53642,2,15/07/2025,10.5,9.7,6.9
53642,2,15/08/2025,12.6,12.1,0.0
53642,2,20/09/2025,15.1,10.0,5.1
53642,2,22/10/2025,15.5,12.7,0.0
53642,2,15/11/2025,11.0,10.8,4.5
53642,2,10/12/2025,10.4,8.3,0.0
53652,1,15/07/2025,15.6,12.4,6.9
53652,1,15/08/2025,18.0,16.9,0.0
53652,1,20/09/2025,17.5,14.5,5.3
53652,1,22/10/2025,15.6,13.1,0.0
53652,1,15/11/2025,16.2,11.7,7.2
53652,1,10/12/2025,14.2,9.1,0.0
53674,2,15/07/2025,11.9,10.7,4.6
53674,2,15/08/2025,16.9,14.2,0.0
53674,2,20/09/2025,15.9,8.7,4.7
53674,2,22/10/2025,12.7,12.0,0.0
53674,2,15/11/2025,13.5,9.4,4.4
53674,2,10/12/2025,10.9,8.0,0.0
53742,2,15/07/2025,14.7,9.9,5.9
53742,2,15/08/2025,17.7,13.0,0.0
53742,2,20/09/2025,18.6,9.5,4.4
53742,2,22/10/2025,13.7,8.1,0.0
53742,2,15/11/2025,13.2,10.2,5.6
53742,2,10/12/2025,13.4,9.5,0.0
53836,1,15/07/2025,18.7,14.4,6.6
53836,1,15/08/2025,19.6,14.0,0.0
53836,1,20/09/2025,17.9,12.7,7.1
53836,1,22/10/2025,13.3,11.9,0.0
53836,1,15/11/2025,12.2,13.1,5.7
53836,1,10/12/2025,18.7,13.8,0.0
53889,1,15/07/2025,17.8,11.4,7.2
53889,1,15/08/2025,16.1,13.5,0.0
53889,1,20/09/2025,19.5,13.0,8.7
53889,1,22/10/2025,14.2,11.9,0.0
53889,1,15/11/2025,13.7,12.0,5.2
53889,1,10/12/2025,14.4,11.8,0.0
53950,1,15/07/2025,19.5,13.7,7.1
53950,1,15/08/2025,16.1,13.4,0.0
53950,1,20/09/2025,18.2,16.9,7.3
53950,1,22/10/2025,14.9,13.3,0.0
53950,1,15/11/2025,12.8,12.1,7.6
53950,1,10/12/2025,12.4,10.1,0.0
54059,1,15/07/2025,20.1,16.8,7.4
54059,1,15/08/2025,22.3,15.8,0.0
54059,1,20/09/2025,15.3,14.9,6.7
54059,1,22/10/2025,17.0,12.6,0.0
54059,1,15/11/2025,18.5,14.2,6.3
54059,1,10/12/2025,14.4,11.0,0.0
54087,1,15/07/2025,18.2,15.6,7.8
54087,1,15/08/2025,16.4,14.8,0.0
54087,1,20/09/2025,17.2,12.1,8.0
54087,1,22/10/2025,14.5,12.8,0.0
54087,1,15/11/2025,12.9,14.6,7.6
54087,1,10/12/2025,13.9,13.5,0.0
54090,1,15/07/2025,18.0,15.7,6.7
54090,1,15/08/2025,18.3,14.2,0.0
54090,1,20/09/2025,17.9,14.6,7.3
54090,1,22/10/2025,18.1,13.2,0.0
54090,1,15/11/2025,14.2,12.2,4.9
54090,1,10/12/2025,13.0,13.4,0.0
54092,1,15/07/2025,16.4,14.8,6.5
54092,1,15/08/2025,18.0,12.7,0.0
54092,1,20/09/2025,17.5,15.7,8.2
54092,1,22/10/2025,15.9,14.1,0.0
54092,1,15/11/2025,13.3,14.1,6.0
54092,1,10/12/2025,14.2,10.4,0.0
54095,1,15/07/2025,18.5,14.9,6.5
54095,1,15/08/2025,19.1,14.3,0.0
54095,1,20/09/2025,16.4,16.1,8.0
54095,1,22/10/2025,19.8,15.2,0.0
54095,1,15/11/2025,13.8,12.9,5.0
54095,1,10/12/2025,13.2,11.3,0.0
54119,1,15/07/2025,18.4,19.7,6.8
54119,1,15/08/2025,17.2,14.4,0.0
54119,1,20/09/2025,16.7,14.0,7.2
54119,1,22/10/2025,17.0,11.8,0.0
54119,1,15/11/2025,18.1,13.0,6.3
54119,1,10/12/2025,14.7,11.8,0.0
54164,1,15/07/2025,13.8,14.9,7.6
54164,1,15/08/2025,20.4,14.9,0.0
54164,1,20/09/2025,20.6,15.9,6.3
54164,1,22/10/2025,19.5,13.5,0.0
54164,1,15/11/2025,12.6,11.7,6.8
54164,1,10/12/2025,15.0,12.6,0.0
54165,1,15/07/2025,14.2,13.0,6.4
54165,1,15/08/2025,17.9,13.3,0.0
54165,1,20/09/2025,17.5,12.5,6.6
54165,1,22/10/2025,18.5,12.6,0.0
54165,1,15/11/2025,16.8,12.8,6.7
54165,1,10/12/2025,13.8,13.3,0.0
54207,2,15/07/2025,15.7,8.8,5.6
54207,2,15/08/2025,11.8,8.2,0.0
54207,2,20/09/2025,12.6,12.0,5.6
54207,2,22/10/2025,12.2,7.6,0.0
54207,2,15/11/2025,15.5,12.4,4.7
54207,2,10/12/2025,9.1,7.0,0.0
54213,1,15/07/2025,17.3,12.1,7.6
54213,1,15/08/2025,16.7,15.9,0.0
54213,1,20/09/2025,17.9,16.7,7.7
54213,1,22/10/2025,15.0,14.3,0.0
54213,1,15/11/2025,17.2,12.6,7.2
54213,1,10/12/2025,16.8,11.9,0.0
54215,1,15/07/2025,17.8,12.6,7.5
54215,1,15/08/2025,19.7,15.9,0.0
54215,1,20/09/2025,20.4,17.1,8.4
54215,1,22/10/2025,15.9,11.6,0.0
54215,1,15/11/2025,17.3,14.1,6.2
54215,1,10/12/2025,16.2,13.2,0.0
54217,2,15/07/2025,15.6,13.0,4.8
54217,2,15/08/2025,12.9,8.5,0.0
54217,2,20/09/2025,16.0,9.2,5.0
54217,2,22/10/2025,12.2,12.7,0.0
54217,2,15/11/2025,14.7,10.8,3.7
54217,2,10/12/2025,14.1,7.0,0.0
54220,2,15/07/2025,17.9,7.4,5.6
54220,2,15/08/2025,16.3,10.5,0.0
54220,2,20/09/2025,16.3,8.6,4.4
54220,2,22/10/2025,13.7,9.7,0.0
54220,2,15/11/2025,11.4,11.8,6.2
54220,2,10/12/2025,10.5,9.0,0.0
54221,1,15/07/2025,20.5,13.3,8.1
54221,1,15/08/2025,19.6,18.4,0.0
54221,1,20/09/2025,17.1,11.9,6.5
54221,1,22/10/2025,16.1,10.5,0.0
54221,1,15/11/2025,18.2,12.2,5.6
54221,1,10/12/2025,10.6,12.6,0.0
54222,1,15/07/2025,15.5,12.1,6.7
54222,1,15/08/2025,19.6,13.6,0.0
54222,1,20/09/2025,18.2,14.9,7.1
54222,1,22/10/2025,16.9,14.6,0.0
54222,1,15/11/2025,17.1,10.3,4.3
54222,1,10/12/2025,11.6,12.6,0.0
54225,2,15/07/2025,15.4,9.6,4.1
54225,2,15/08/2025,13.7,12.4,0.0
54225,2,20/09/2025,13.2,13.7,4.7
54225,2,22/10/2025,10.3,7.5,0.0
54225,2,15/11/2025,10.8,12.2,3.8
54225,2,10/12/2025,11.7,7.2,0.0
54227,1,15/07/2025,19.1,15.4,6.0
54227,1,15/08/2025,21.1,12.8,0.0
54227,1,20/09/2025,15.8,11.4,6.3
54227,1,22/10/2025,17.4,15.3,0.0
54227,1,15/11/2025,15.8,16.0,7.1
54227,1,10/12/2025,14.4,9.4,0.0
54228,2,15/07/2025,15.7,11.3,4.9
54228,2,15/08/2025,14.5,12.1,0.0
54228,2,20/09/2025,14.6,12.3,3.8
54228,2,22/10/2025,10.8,7.0,0.0
54228,2,15/11/2025,11.5,8.7,5.2
54228,2,10/12/2025,13.9,7.0,0.0
54236,1,15/07/2025,16.9,16.5,7.2
54236,1,15/08/2025,17.5,13.1,0.0
54236,1,20/09/2025,17.9,17.5,8.1
54236,1,22/10/2025,16.8,9.5,0.0
54236,1,15/11/2025,13.7,13.1,5.8
54236,1,10/12/2025,12.7,11.8,0.0
54237,1,15/07/2025,16.5,16.5,6.6
54237,1,15/08/2025,21.1,12.8,0.0
54237,1,20/09/2025,17.5,13.2,8.4
54237,1,22/10/2025,18.6,13.4,0.0
54237,1,15/11/2025,12.9,13.2,4.5
54237,1,10/12/2025,11.5,12.5,0.0
54238,1,15/07/2025,19.3,16.3,6.8
54238,1,15/08/2025,18.9,16.2,0.0
54238,1,20/09/2025,16.2,15.1,6.1
54238,1,22/10/2025,16.2,15.3,0.0
54238,1,15/11/2025,17.7,13.7,6.4
54238,1,10/12/2025,16.2,13.3,0.0
54239,1,15/07/2025,20.4,11.5,5.9
54239,1,15/08/2025,19.3,11.8,0.0
54239,1,20/09/2025,16.5,12.2,7.3
54239,1,22/10/2025,14.1,17.0,0.0
54239,1,15/11/2025,15.1,13.0,5.9
54239,1,10/12/2025,15.2,14.8,0.0
54241,2,15/07/2025,15.6,11.8,5.9
54241,2,15/08/2025,16.0,12.1,0.0
54241,2,20/09/2025,9.0,9.6,8.2
54241,2,22/10/2025,9.3,7.0,0.0
54241,2,15/11/2025,10.7,12.0,5.9
54241,2,10/12/2025,13.2,11.3,0.0
54242,1,15/07/2025,16.4,15.0,8.5
54242,1,15/08/2025,17.6,9.8,0.0
54242,1,20/09/2025,16.4,13.5,6.3
54242,1,22/10/2025,15.0,12.0,0.0
54242,1,15/11/2025,17.9,10.9,4.5
54242,1,10/12/2025,14.8,8.8,0.0
54244,1,15/07/2025,20.8,12.7,6.5
54244,1,15/08/2025,20.2,9.9,0.0
54244,1,20/09/2025,18.9,11.8,7.1
54244,1,22/10/2025,12.5,15.1,0.0
54244,1,15/11/2025,16.1,12.2,7.9
54244,1,10/12/2025,14.7,10.8,0.0
54245,1,15/07/2025,13.8,13.3,8.6
54245,1,15/08/2025,17.3,14.1,0.0
54245,1,20/09/2025,18.1,13.9,7.4
54245,1,22/10/2025,19.0,12.1,0.0
54245,1,15/11/2025,12.9,13.3,6.4
54245,1,10/12/2025,14.4,11.8,0.0
54247,1,15/07/2025,16.6,12.6,5.3
54247,1,15/08/2025,18.1,13.4,0.0
54247,1,20/09/2025,15.5,15.6,6.6
54247,1,22/10/2025,17.2,15.4,0.0
54247,1,15/11/2025,13.2,10.8,6.9
54247,1,10/12/2025,16.0,10.7,0.0
54248,1,15/07/2025,17.4,16.8,6.3
54248,1,15/08/2025,20.4,19.4,0.0
54248,1,20/09/2025,16.4,10.5,7.1
54248,1,22/10/2025,15.0,13.0,0.0
54248,1,15/11/2025,15.2,11.3,5.4
54248,1,10/12/2025,13.8,10.5,0.0
54253,1,15/07/2025,17.4,14.5,7.5
54253,1,15/08/2025,15.0,14.5,0.0
54253,1,20/09/2025,17.1,16.6,5.3
54253,1,22/10/2025,14.2,12.6,0.0
54253,1,15/11/2025,13.6,10.2,6.8
54253,1,10/12/2025,10.8,13.4,0.0
54259,1,15/07/2025,15.9,11.8,9.3
54259,1,15/08/2025,16.7,13.4,0.0
54259,1,20/09/2025,18.5,10.6,8.1
54259,1,22/10/2025,19.5,12.4,0.0
54259,1,15/11/2025,17.3,11.1,6.6
54259,1,10/12/2025,14.1,11.1,0.0
54262,1,15/07/2025,18.8,17.0,7.7
54262,1,15/08/2025,15.2,14.8,0.0
54262,1,20/09/2025,21.6,16.7,7.7
54262,1,22/10/2025,14.6,15.3,0.0
54262,1,15/11/2025,12.8,12.9,5.7
54262,1,10/12/2025,16.2,11.3,0.0
54264,1,15/07/2025,14.6,15.5,6.6
54264,1,15/08/2025,20.8,15.6,0.0
54264,1,20/09/2025,15.4,11.4,7.6
54264,1,22/10/2025,15.0,12.8,0.0
54264,1,15/11/2025,16.6,16.6,6.5
54264,1,10/12/2025,15.8,12.1,0.0
54267,1,15/07/2025,19.2,15.8,8.1
54267,1,15/08/2025,20.1,16.2,0.0
54267,1,20/09/2025,19.7,16.1,7.5
54267,1,22/10/2025,15.1,15.6,0.0
54267,1,15/11/2025,14.6,10.9,6.2
54267,1,10/12/2025,14.0,11.8,0.0
54277,2,15/07/2025,12.4,12.6,3.0
54277,2,15/08/2025,14.2,13.3,0.0
54277,2,20/09/2025,16.1,13.9,5.4
54277,2,22/10/2025,12.0,10.8,0.0
54277,2,15/11/2025,13.1,10.5,5.6
54277,2,10/12/2025,11.7,11.8,0.0
54288,2,15/07/2025,14.6,13.2,5.9
54288,2,15/08/2025,16.7,13.1,0.0
54288,2,20/09/2025,15.6,14.3,5.2
54288,2,22/10/2025,12.8,9.8,0.0
54288,2,15/11/2025,11.5,9.6,5.8
54288,2,10/12/2025,10.8,9.0,0.0
54294,3,15/07/2025,14.5,14.4,5.5
54294,3,15/08/2025,15.3,14.2,0.0
54294,3,20/09/2025,13.1,12.6,4.7
54294,3,22/10/2025,13.5,11.3,0.0
54294,3,15/11/2025,13.2,12.5,5.1
54294,3,10/12/2025,12.5,7.2,0.0
54301,1,15/07/2025,17.2,17.7,7.3
54301,1,15/08/2025,19.9,14.8,0.0
54301,1,20/09/2025,19.4,13.9,7.1
54301,1,22/10/2025,20.2,9.4,0.0
54301,1,15/11/2025,17.2,11.3,5.4
54301,1,10/12/2025,13.1,12.6,0.0
54302,1,15/07/2025,17.2,16.2,6.6
54302,1,15/08/2025,17.9,14.9,0.0
54302,1,20/09/2025,17.9,15.9,7.3
54302,1,22/10/2025,21.1,10.7,0.0
54302,1,15/11/2025,13.4,13.4,6.9
54302,1,10/12/2025,10.0,10.2,0.0
